state,year,dissolved_oxygen,bod,fecal_coliform,source_file
Uttarakhand,2011,6.7,5.6,1150.0,rs_session-241_as196_1.1.csv
Uttarakhand,2012,7.2,5.3,,rs_session-241_as196_1.1.csv
Uttarakhand,2013,6.5,5.2,,rs_session-241_as196_1.1.csv
Uttarakhand,2014,5.0,5.2,,rs_session-241_as196_1.1.csv
Uttarakhand,2015,9.2,2.8,580.0,rs_session-241_as196_1.1.csv
Uttar Pradesh,2011,8.2,3.4,1162.0,rs_session-241_as196_1.1.csv
Uttar Pradesh,2012,8.6,3.4,920.0,rs_session-241_as196_1.1.csv
Uttar Pradesh,2013,9.0,2.9,767.0,rs_session-241_as196_1.1.csv
Uttar Pradesh,2014,9.1,2.8,725.0,rs_session-241_as196_1.1.csv
Uttar Pradesh,2015,7.7,3.0,733.0,rs_session-241_as196_1.1.csv
Uttar Pradesh,2011,7.9,4.5,3042.0,rs_session-241_as196_1.1.csv
Uttar Pradesh,2012,8.6,4.0,4673.0,rs_session-241_as196_1.1.csv
Uttar Pradesh,2013,8.2,4.0,1210.0,rs_session-241_as196_1.1.csv
Uttar Pradesh,2014,7.8,2.8,3500.0,rs_session-241_as196_1.1.csv
Uttar Pradesh,2015,8.4,3.5,2270.0,rs_session-241_as196_1.1.csv
Uttar Pradesh,2011,7.8,5.5,3508.0,rs_session-241_as196_1.1.csv
Uttar Pradesh,2012,8.3,4.8,6045.0,rs_session-241_as196_1.1.csv
Uttar Pradesh,2013,7.9,4.3,1517.0,rs_session-241_as196_1.1.csv
Uttar Pradesh,2014,5.8,3.0,4000.0,rs_session-241_as196_1.1.csv
Uttar Pradesh,2015,7.9,3.7,2930.0,rs_session-241_as196_1.1.csv
Uttar Pradesh,2011,8.6,4.3,6667.0,rs_session-241_as196_1.1.csv
Uttar Pradesh,2012,8.7,4.3,6245.0,rs_session-241_as196_1.1.csv
Uttar Pradesh,2013,8.3,3.4,1358.0,rs_session-241_as196_1.1.csv
Uttar Pradesh,2014,7.8,3.5,4200.0,rs_session-241_as196_1.1.csv
Uttar Pradesh,2015,8.2,2.9,3267.0,rs_session-241_as196_1.1.csv
Uttar Pradesh,2011,6.9,8.4,38942.0,rs_session-241_as196_1.1.csv
Uttar Pradesh,2012,6.6,8.3,23927.0,rs_session-241_as196_1.1.csv
Uttar Pradesh,2013,6.7,6.8,13567.0,rs_session-241_as196_1.1.csv
Uttar Pradesh,2014,7.3,7.7,40000.0,rs_session-241_as196_1.1.csv
Uttar Pradesh,2015,6.5,5.5,20889.0,rs_session-241_as196_1.1.csv
Uttar Pradesh,2011,7.2,4.0,3408.0,rs_session-241_as196_1.1.csv
Uttar Pradesh,2012,7.1,5.1,3450.0,rs_session-241_as196_1.1.csv
Uttar Pradesh,2013,8.2,3.6,6475.0,rs_session-241_as196_1.1.csv
Uttar Pradesh,2014,8.6,3.8,26000.0,rs_session-241_as196_1.1.csv
Uttar Pradesh,2015,7.9,4.1,21300.0,rs_session-241_as196_1.1.csv
Uttar Pradesh,2011,7.1,8.0,40000.0,rs_session-241_as196_1.1.csv
Uttar Pradesh,2012,7.4,5.0,31667.0,rs_session-241_as196_1.1.csv
Uttar Pradesh,2013,7.9,4.6,34500.0,rs_session-241_as196_1.1.csv
Uttar Pradesh,2014,7.7,4.4,34000.0,rs_session-241_as196_1.1.csv
Uttar Pradesh,2015,7.3,4.9,32500.0,rs_session-241_as196_1.1.csv
Uttar Pradesh,2011,7.3,4.3,13000.0,rs_session-241_as196_1.1.csv
Uttar Pradesh,2012,7.6,3.7,14167.0,rs_session-241_as196_1.1.csv
Uttar Pradesh,2013,7.9,3.7,15167.0,rs_session-241_as196_1.1.csv
Uttar Pradesh,2014,7.7,3.9,14000.0,rs_session-241_as196_1.1.csv
Uttar Pradesh,2015,7.5,4.2,22000.0,rs_session-241_as196_1.1.csv
West Bengal,2011,7.8,4.0,270333.0,rs_session-241_as196_1.1.csv
West Bengal,2012,6.1,4.1,493750.0,rs_session-241_as196_1.1.csv
West Bengal,2013,5.9,4.1,443333.0,rs_session-241_as196_1.1.csv
West Bengal,2014,6.7,4.4,592500.0,rs_session-241_as196_1.1.csv
West Bengal,2015,6.6,4.8,182500.0,rs_session-241_as196_1.1.csv
Uttarakhand,2018,8.8,,7.0,RS_Session_255_AU_90.1 (1).csv
Uttarakhand,2018,9.2,,450.0,RS_Session_255_AU_90.1 (1).csv
Uttarakhand,2018,9.2,,2300.0,RS_Session_255_AU_90.1 (1).csv
Uttarakhand,2018,9.2,,780.0,RS_Session_255_AU_90.1 (1).csv
Uttarakhand,2018,9.2,,36.0,RS_Session_255_AU_90.1 (1).csv
Uttarakhand,2018,9.2,,780.0,RS_Session_255_AU_90.1 (1).csv
Uttarakhand,2018,9.4,,490.0,RS_Session_255_AU_90.1 (1).csv
Uttarakhand,2018,9.8,,,RS_Session_255_AU_90.1 (1).csv
Uttarakhand,2018,8.8,,,RS_Session_255_AU_90.1 (1).csv
Uttarakhand,2018,9.6,,,RS_Session_255_AU_90.1 (1).csv
Uttarakhand,2018,8.8,,,RS_Session_255_AU_90.1 (1).csv
Uttarakhand,2018,9.1,,,RS_Session_255_AU_90.1 (1).csv
Uttarakhand,2018,9.2,,,RS_Session_255_AU_90.1 (1).csv
Uttar Pradesh,2018,8.8,,,RS_Session_255_AU_90.1 (1).csv
Uttar Pradesh,2018,7.79,,330.0,RS_Session_255_AU_90.1 (1).csv
Uttar Pradesh,2018,8.03,,210.0,RS_Session_255_AU_90.1 (1).csv
Uttar Pradesh,2018,7.4,,270.0,RS_Session_255_AU_90.1 (1).csv
Uttar Pradesh,2018,8.95,,235.0,RS_Session_255_AU_90.1 (1).csv
Uttar Pradesh,2018,7.45,,270.0,RS_Session_255_AU_90.1 (1).csv
Uttar Pradesh,2018,7.4,,220.0,RS_Session_255_AU_90.1 (1).csv
Uttar Pradesh,2018,8.5,,1700.0,RS_Session_255_AU_90.1 (1).csv
Uttar Pradesh,2018,8.15,,2200.0,RS_Session_255_AU_90.1 (1).csv
Uttar Pradesh,2018,8.75,,2750.0,RS_Session_255_AU_90.1 (1).csv
Uttar Pradesh,2018,8.2,,2500.0,RS_Session_255_AU_90.1 (1).csv
Uttar Pradesh,2018,7.1,,2950.0,RS_Session_255_AU_90.1 (1).csv
Uttar Pradesh,2018,7.7,,2700.0,RS_Session_255_AU_90.1 (1).csv
Uttar Pradesh,2018,6.9,,3250.0,RS_Session_255_AU_90.1 (1).csv
Uttar Pradesh,2018,6.7,,3400.0,RS_Session_255_AU_90.1 (1).csv
Uttar Pradesh,2018,5.75,,30000.0,RS_Session_255_AU_90.1 (1).csv
Uttar Pradesh,2018,6.4,,7000.0,RS_Session_255_AU_90.1 (1).csv
Uttar Pradesh,2018,10.0,,4700.0,RS_Session_255_AU_90.1 (1).csv
Uttar Pradesh,2018,9.9,,4900.0,RS_Session_255_AU_90.1 (1).csv
Uttar Pradesh,2018,9.1,,11000.0,RS_Session_255_AU_90.1 (1).csv
Uttar Pradesh,2018,8.8,,17000.0,RS_Session_255_AU_90.1 (1).csv
Uttar Pradesh,2018,9.0,,11000.0,RS_Session_255_AU_90.1 (1).csv
Uttar Pradesh,2018,9.2,,6800.0,RS_Session_255_AU_90.1 (1).csv
Uttar Pradesh,2018,8.8,,800.0,RS_Session_255_AU_90.1 (1).csv
Uttar Pradesh,2018,7.7,,2200.0,RS_Session_255_AU_90.1 (1).csv
Uttar Pradesh,2018,8.4,,8000.0,RS_Session_255_AU_90.1 (1).csv
Uttar Pradesh,2018,7.8,,1300.0,RS_Session_255_AU_90.1 (1).csv
Uttar Pradesh,2018,6.4,,32000.0,RS_Session_255_AU_90.1 (1).csv
Uttar Pradesh,2018,7.55,,17000.0,RS_Session_255_AU_90.1 (1).csv
Uttar Pradesh,2018,6.9,,23000.0,RS_Session_255_AU_90.1 (1).csv
Bihar,2018,8.2,,3100.0,RS_Session_255_AU_90.1 (1).csv
Bihar,2018,7.9,,3100.0,RS_Session_255_AU_90.1 (1).csv
Bihar,2018,8.0,,4000.0,RS_Session_255_AU_90.1 (1).csv
Bihar,2018,7.8,,4000.0,RS_Session_255_AU_90.1 (1).csv
Bihar,2018,8.1,,2100.0,RS_Session_255_AU_90.1 (1).csv
Bihar,2018,8.1,,3300.0,RS_Session_255_AU_90.1 (1).csv
Bihar,2018,7.9,,7900.0,RS_Session_255_AU_90.1 (1).csv
Bihar,2018,8.1,,3300.0,RS_Session_255_AU_90.1 (1).csv
Bihar,2018,7.95,,3100.0,RS_Session_255_AU_90.1 (1).csv
Bihar,2018,7.6,,6100.0,RS_Session_255_AU_90.1 (1).csv
Bihar,2018,7.8,,6100.0,RS_Session_255_AU_90.1 (1).csv
Bihar,2018,7.77,,7000.0,RS_Session_255_AU_90.1 (1).csv
Bihar,2018,8.0,,3100.0,RS_Session_255_AU_90.1 (1).csv
Bihar,2018,7.65,,6550.0,RS_Session_255_AU_90.1 (1).csv
Bihar,2018,7.3,,2850.0,RS_Session_255_AU_90.1 (1).csv
Bihar,2018,7.6,,3100.0,RS_Session_255_AU_90.1 (1).csv
Bihar,2018,7.8,,3100.0,RS_Session_255_AU_90.1 (1).csv
Bihar,2018,7.8,,4000.0,RS_Session_255_AU_90.1 (1).csv
Bihar,2018,7.8,,4000.0,RS_Session_255_AU_90.1 (1).csv
Bihar,2018,7.7,,11000.0,RS_Session_255_AU_90.1 (1).csv
Bihar,2018,7.85,,4000.0,RS_Session_255_AU_90.1 (1).csv
Bihar,2018,8.2,,6100.0,RS_Session_255_AU_90.1 (1).csv
Bihar,2018,7.9,,13000.0,RS_Session_255_AU_90.1 (1).csv
Bihar,2018,7.8,,11000.0,RS_Session_255_AU_90.1 (1).csv
Bihar,2018,7.5,,17000.0,RS_Session_255_AU_90.1 (1).csv
Bihar,2018,8.3,,9000.0,RS_Session_255_AU_90.1 (1).csv
Bihar,2018,8.3,,7000.0,RS_Session_255_AU_90.1 (1).csv
Bihar,2018,7.5,,7000.0,RS_Session_255_AU_90.1 (1).csv
Bihar,2018,8.0,,7000.0,RS_Session_255_AU_90.1 (1).csv
Bihar,2018,7.5,,6100.0,RS_Session_255_AU_90.1 (1).csv
Jharkhand,2018,8.5,,,RS_Session_255_AU_90.1 (1).csv
Jharkhand,2018,7.8,,,RS_Session_255_AU_90.1 (1).csv
Jharkhand,2018,8.1,,,RS_Session_255_AU_90.1 (1).csv
Jharkhand,2018,8.2,,,RS_Session_255_AU_90.1 (1).csv
West Bengal,2018,6.75,,30000.0,RS_Session_255_AU_90.1 (1).csv
West Bengal,2018,5.7,,70000.0,RS_Session_255_AU_90.1 (1).csv
West Bengal,2018,7.7,,60000.0,RS_Session_255_AU_90.1 (1).csv
West Bengal,2018,7.15,,65000.0,RS_Session_255_AU_90.1 (1).csv
West Bengal,2018,6.2,,71500.0,RS_Session_255_AU_90.1 (1).csv
West Bengal,2018,6.25,,130000.0,RS_Session_255_AU_90.1 (1).csv
West Bengal,2018,6.35,,50000.0,RS_Session_255_AU_90.1 (1).csv
West Bengal,2018,6.0,,95000.0,RS_Session_255_AU_90.1 (1).csv
West Bengal,2018,5.4,,300000.0,RS_Session_255_AU_90.1 (1).csv
West Bengal,2018,6.2,,160000.0,RS_Session_255_AU_90.1 (1).csv
West Bengal,2018,5.1,,240000.0,RS_Session_255_AU_90.1 (1).csv
West Bengal,2018,5.55,,23000.0,RS_Session_255_AU_90.1 (1).csv
West Bengal,2018,6.35,,17000.0,RS_Session_255_AU_90.1 (1).csv
Uttarakhand,2019,10.3,,7.0,RS_Session_255_AU_90.1 (1).csv
Uttarakhand,2019,9.5,,1.9,RS_Session_255_AU_90.1 (1).csv
Uttarakhand,2019,9.7,,1.9,RS_Session_255_AU_90.1 (1).csv
Uttarakhand,2019,9.7,,1.9,RS_Session_255_AU_90.1 (1).csv
Uttarakhand,2019,9.7,,1.9,RS_Session_255_AU_90.1 (1).csv
Uttarakhand,2019,9.5,,1.9,RS_Session_255_AU_90.1 (1).csv
Uttarakhand,2019,9.7,,1.9,RS_Session_255_AU_90.1 (1).csv
Uttarakhand,2019,10.1,,17.0,RS_Session_255_AU_90.1 (1).csv
Uttarakhand,2019,9.1,,110.0,RS_Session_255_AU_90.1 (1).csv
Uttarakhand,2019,9.7,,30.0,RS_Session_255_AU_90.1 (1).csv
Uttarakhand,2019,9.7,,30.0,RS_Session_255_AU_90.1 (1).csv
Uttarakhand,2019,9.0,,140.0,RS_Session_255_AU_90.1 (1).csv
Uttarakhand,2019,9.3,,70.0,RS_Session_255_AU_90.1 (1).csv
Uttar Pradesh,2019,8.3,,,RS_Session_255_AU_90.1 (1).csv
Uttar Pradesh,2019,8.7,,505.0,RS_Session_255_AU_90.1 (1).csv
Uttar Pradesh,2019,8.4,,240.0,RS_Session_255_AU_90.1 (1).csv
Uttar Pradesh,2019,8.3,,230.0,RS_Session_255_AU_90.1 (1).csv
Uttar Pradesh,2019,8.3,,220.0,RS_Session_255_AU_90.1 (1).csv
Uttar Pradesh,2019,8.0,,540.0,RS_Session_255_AU_90.1 (1).csv
Uttar Pradesh,2019,10.1,,220.0,RS_Session_255_AU_90.1 (1).csv
Uttar Pradesh,2019,8.5,,1350.0,RS_Session_255_AU_90.1 (1).csv
Uttar Pradesh,2019,8.3,,2100.0,RS_Session_255_AU_90.1 (1).csv
Uttar Pradesh,2019,8.1,,2650.0,RS_Session_255_AU_90.1 (1).csv
Uttar Pradesh,2019,7.5,,2150.0,RS_Session_255_AU_90.1 (1).csv
Uttar Pradesh,2019,7.5,,2600.0,RS_Session_255_AU_90.1 (1).csv
Uttar Pradesh,2019,7.6,,2200.0,RS_Session_255_AU_90.1 (1).csv
Uttar Pradesh,2019,7.6,,3650.0,RS_Session_255_AU_90.1 (1).csv
Uttar Pradesh,2019,7.3,,3700.0,RS_Session_255_AU_90.1 (1).csv
Uttar Pradesh,2019,6.8,,22000.0,RS_Session_255_AU_90.1 (1).csv
Uttar Pradesh,2019,7.3,,6400.0,RS_Session_255_AU_90.1 (1).csv
Uttar Pradesh,2019,7.9,,2850.0,RS_Session_255_AU_90.1 (1).csv
Uttar Pradesh,2019,8.0,,2750.0,RS_Session_255_AU_90.1 (1).csv
Uttar Pradesh,2019,8.2,,7850.0,RS_Session_255_AU_90.1 (1).csv
Uttar Pradesh,2019,8.0,,11000.0,RS_Session_255_AU_90.1 (1).csv
Uttar Pradesh,2019,8.1,,10150.0,RS_Session_255_AU_90.1 (1).csv
Uttar Pradesh,2019,7.8,,7000.0,RS_Session_255_AU_90.1 (1).csv
Uttar Pradesh,2019,8.2,,800.0,RS_Session_255_AU_90.1 (1).csv
Uttar Pradesh,2019,7.6,,8500.0,RS_Session_255_AU_90.1 (1).csv
Uttar Pradesh,2019,7.9,,7000.0,RS_Session_255_AU_90.1 (1).csv
Uttar Pradesh,2019,8.2,,800.0,RS_Session_255_AU_90.1 (1).csv
Uttar Pradesh,2019,7.2,,19500.0,RS_Session_255_AU_90.1 (1).csv
Uttar Pradesh,2019,8.1,,8000.0,RS_Session_255_AU_90.1 (1).csv
Uttar Pradesh,2019,7.4,,13000.0,RS_Session_255_AU_90.1 (1).csv
Bihar,2019,8.3,,7450.0,RS_Session_255_AU_90.1 (1).csv
Bihar,2019,7.6,,4000.0,RS_Session_255_AU_90.1 (1).csv
Bihar,2019,7.6,,4000.0,RS_Session_255_AU_90.1 (1).csv
Bihar,2019,7.7,,6450.0,RS_Session_255_AU_90.1 (1).csv
Bihar,2019,7.9,,2100.0,RS_Session_255_AU_90.1 (1).csv
Bihar,2019,8.2,,3300.0,RS_Session_255_AU_90.1 (1).csv
Bihar,2019,8.5,,9950.0,RS_Session_255_AU_90.1 (1).csv
Bihar,2019,8.3,,3300.0,RS_Session_255_AU_90.1 (1).csv
Bihar,2019,8.1,,3600.0,RS_Session_255_AU_90.1 (1).csv
Bihar,2019,8.1,,11000.0,RS_Session_255_AU_90.1 (1).csv
Bihar,2019,7.3,,4500.0,RS_Session_255_AU_90.1 (1).csv
Bihar,2019,7.4,,7900.0,RS_Session_255_AU_90.1 (1).csv
Bihar,2019,8.2,,3300.0,RS_Session_255_AU_90.1 (1).csv
Bihar,2019,8.5,,3600.0,RS_Session_255_AU_90.1 (1).csv
Bihar,2019,7.6,,11000.0,RS_Session_255_AU_90.1 (1).csv
Bihar,2019,6.7,,3300.0,RS_Session_255_AU_90.1 (1).csv
Bihar,2019,7.0,,5950.0,RS_Session_255_AU_90.1 (1).csv
Bihar,2019,7.6,,4900.0,RS_Session_255_AU_90.1 (1).csv
Bihar,2019,7.5,,3600.0,RS_Session_255_AU_90.1 (1).csv
Bihar,2019,7.8,,5950.0,RS_Session_255_AU_90.1 (1).csv
Bihar,2019,8.1,,3100.0,RS_Session_255_AU_90.1 (1).csv
Bihar,2019,7.0,,12500.0,RS_Session_255_AU_90.1 (1).csv
Bihar,2019,8.5,,7000.0,RS_Session_255_AU_90.1 (1).csv
Bihar,2019,7.5,,7000.0,RS_Session_255_AU_90.1 (1).csv
Bihar,2019,7.2,,12000.0,RS_Session_255_AU_90.1 (1).csv
Bihar,2019,7.8,,7000.0,RS_Session_255_AU_90.1 (1).csv
Bihar,2019,7.0,,5900.0,RS_Session_255_AU_90.1 (1).csv
Bihar,2019,7.3,,6100.0,RS_Session_255_AU_90.1 (1).csv
Bihar,2019,7.3,,3950.0,RS_Session_255_AU_90.1 (1).csv
Bihar,2019,8.2,,4500.0,RS_Session_255_AU_90.1 (1).csv
Bihar,2019,7.1,,7000.0,RS_Session_255_AU_90.1 (1).csv
Bihar,2019,8.0,,6100.0,RS_Session_255_AU_90.1 (1).csv
Bihar,2019,7.4,,11000.0,RS_Session_255_AU_90.1 (1).csv
Jharkhand,2019,8.2,,,RS_Session_255_AU_90.1 (1).csv
Jharkhand,2019,8.2,,,RS_Session_255_AU_90.1 (1).csv
Jharkhand,2019,8.4,,,RS_Session_255_AU_90.1 (1).csv
Jharkhand,2019,8.3,,,RS_Session_255_AU_90.1 (1).csv
West Bengal,2019,6.8,,80000.0,RS_Session_255_AU_90.1 (1).csv
West Bengal,2019,7.0,,110000.0,RS_Session_255_AU_90.1 (1).csv
West Bengal,2019,6.6,,75000.0,RS_Session_255_AU_90.1 (1).csv
West Bengal,2019,6.8,,50000.0,RS_Session_255_AU_90.1 (1).csv
West Bengal,2019,6.4,,50000.0,RS_Session_255_AU_90.1 (1).csv
West Bengal,2019,6.4,,110000.0,RS_Session_255_AU_90.1 (1).csv
West Bengal,2019,5.8,,130000.0,RS_Session_255_AU_90.1 (1).csv
West Bengal,2019,6.3,,50000.0,RS_Session_255_AU_90.1 (1).csv
West Bengal,2019,5.8,,130000.0,RS_Session_255_AU_90.1 (1).csv
West Bengal,2019,5.3,,80000.0,RS_Session_255_AU_90.1 (1).csv
West Bengal,2019,5.5,,80000.0,RS_Session_255_AU_90.1 (1).csv
West Bengal,2019,5.5,,22000.0,RS_Session_255_AU_90.1 (1).csv
West Bengal,2019,6.2,,1300.0,RS_Session_255_AU_90.1 (1).csv
Uttarakhand,2020,9.8,,2.0,RS_Session_255_AU_90.1 (1).csv
Uttarakhand,2020,9.8,,1.8,RS_Session_255_AU_90.1 (1).csv
Uttarakhand,2020,9.4,,1.8,RS_Session_255_AU_90.1 (1).csv
Uttarakhand,2020,10.1,,1.8,RS_Session_255_AU_90.1 (1).csv
Uttarakhand,2020,10.0,,1.8,RS_Session_255_AU_90.1 (1).csv
Uttarakhand,2020,10.0,,1.8,RS_Session_255_AU_90.1 (1).csv
Uttarakhand,2020,10.6,,1.8,RS_Session_255_AU_90.1 (1).csv
Uttarakhand,2020,10.6,,12.0,RS_Session_255_AU_90.1 (1).csv
Uttarakhand,2020,9.0,,50.0,RS_Session_255_AU_90.1 (1).csv
Uttarakhand,2020,9.8,,22.0,RS_Session_255_AU_90.1 (1).csv
Uttarakhand,2020,9.8,,32.0,RS_Session_255_AU_90.1 (1).csv
Uttarakhand,2020,9.2,,60.0,RS_Session_255_AU_90.1 (1).csv
Uttarakhand,2020,9.4,,46.0,RS_Session_255_AU_90.1 (1).csv
Uttar Pradesh,2020,8.8,,,RS_Session_255_AU_90.1 (1).csv
Uttar Pradesh,2020,9.1,,350.0,RS_Session_255_AU_90.1 (1).csv
Uttar Pradesh,2020,9.3,,210.0,RS_Session_255_AU_90.1 (1).csv
Uttar Pradesh,2020,8.5,,780.0,RS_Session_255_AU_90.1 (1).csv
Uttar Pradesh,2020,8.6,,1100.0,RS_Session_255_AU_90.1 (1).csv
Uttar Pradesh,2020,8.6,,1100.0,RS_Session_255_AU_90.1 (1).csv
Uttar Pradesh,2020,10.3,,220.0,RS_Session_255_AU_90.1 (1).csv
Uttar Pradesh,2020,8.8,,1000.0,RS_Session_255_AU_90.1 (1).csv
Uttar Pradesh,2020,8.5,,1700.0,RS_Session_255_AU_90.1 (1).csv
Uttar Pradesh,2020,8.2,,2250.0,RS_Session_255_AU_90.1 (1).csv
Uttar Pradesh,2020,8.5,,1800.0,RS_Session_255_AU_90.1 (1).csv
Uttar Pradesh,2020,8.4,,2600.0,RS_Session_255_AU_90.1 (1).csv
Uttar Pradesh,2020,8.2,,2200.0,RS_Session_255_AU_90.1 (1).csv
Uttar Pradesh,2020,8.0,,3300.0,RS_Session_255_AU_90.1 (1).csv
Uttar Pradesh,2020,7.6,,8100.0,RS_Session_255_AU_90.1 (1).csv
Uttar Pradesh,2020,7.4,,22000.0,RS_Session_255_AU_90.1 (1).csv
Uttar Pradesh,2020,7.5,,17000.0,RS_Session_255_AU_90.1 (1).csv
Uttar Pradesh,2020,9.3,,1400.0,RS_Session_255_AU_90.1 (1).csv
Uttar Pradesh,2020,9.7,,1300.0,RS_Session_255_AU_90.1 (1).csv
Uttar Pradesh,2020,8.4,,1100.0,RS_Session_255_AU_90.1 (1).csv
Uttar Pradesh,2020,8.5,,1300.0,RS_Session_255_AU_90.1 (1).csv
Uttar Pradesh,2020,7.9,,1100.0,RS_Session_255_AU_90.1 (1).csv
Uttar Pradesh,2020,8.7,,1300.0,RS_Session_255_AU_90.1 (1).csv
Uttar Pradesh,2020,8.5,,1200.0,RS_Session_255_AU_90.1 (1).csv
Uttar Pradesh,2020,7.5,,11000.0,RS_Session_255_AU_90.1 (1).csv
Uttar Pradesh,2020,8.2,,6000.0,RS_Session_255_AU_90.1 (1).csv
Uttar Pradesh,2020,8.7,,1100.0,RS_Session_255_AU_90.1 (1).csv
Uttar Pradesh,2020,7.4,,13000.0,RS_Session_255_AU_90.1 (1).csv
Uttar Pradesh,2020,8.4,,8000.0,RS_Session_255_AU_90.1 (1).csv
Uttar Pradesh,2020,7.6,,13000.0,RS_Session_255_AU_90.1 (1).csv
Bihar,2020,9.1,,22000.0,RS_Session_255_AU_90.1 (1).csv
Bihar,2020,8.2,,31500.0,RS_Session_255_AU_90.1 (1).csv
Bihar,2020,8.5,,35000.0,RS_Session_255_AU_90.1 (1).csv
Bihar,2020,8.2,,44500.0,RS_Session_255_AU_90.1 (1).csv
Bihar,2020,8.6,,13000.0,RS_Session_255_AU_90.1 (1).csv
Bihar,2020,7.2,,57000.0,RS_Session_255_AU_90.1 (1).csv
Bihar,2020,8.0,,22000.0,RS_Session_255_AU_90.1 (1).csv
Bihar,2020,8.3,,2600.0,RS_Session_255_AU_90.1 (1).csv
Bihar,2020,7.8,,22000.0,RS_Session_255_AU_90.1 (1).csv
Bihar,2020,7.2,,60000.0,RS_Session_255_AU_90.1 (1).csv
Bihar,2020,7.1,,107000.0,RS_Session_255_AU_90.1 (1).csv
Bihar,2020,7.5,,31500.0,RS_Session_255_AU_90.1 (1).csv
Bihar,2020,8.8,,11000.0,RS_Session_255_AU_90.1 (1).csv
Bihar,2020,7.8,,17000.0,RS_Session_255_AU_90.1 (1).csv
Bihar,2020,7.3,,7500.0,RS_Session_255_AU_90.1 (1).csv
Bihar,2020,6.3,,17500.0,RS_Session_255_AU_90.1 (1).csv
Bihar,2020,7.9,,35000.0,RS_Session_255_AU_90.1 (1).csv
Bihar,2020,7.1,,17000.0,RS_Session_255_AU_90.1 (1).csv
Bihar,2020,7.5,,13000.0,RS_Session_255_AU_90.1 (1).csv
Bihar,2020,8.1,,19500.0,RS_Session_255_AU_90.1 (1).csv
Bihar,2020,7.7,,35000.0,RS_Session_255_AU_90.1 (1).csv
Bihar,2020,6.9,,11000.0,RS_Session_255_AU_90.1 (1).csv
Bihar,2020,7.8,,7900.0,RS_Session_255_AU_90.1 (1).csv
Bihar,2020,7.8,,14000.0,RS_Session_255_AU_90.1 (1).csv
Bihar,2020,7.6,,35000.0,RS_Session_255_AU_90.1 (1).csv
Bihar,2020,7.8,,41000.0,RS_Session_255_AU_90.1 (1).csv
Bihar,2020,7.3,,160000.0,RS_Session_255_AU_90.1 (1).csv
Bihar,2020,8.1,,73000.0,RS_Session_255_AU_90.1 (1).csv
Bihar,2020,6.5,,22000.0,RS_Session_255_AU_90.1 (1).csv
Bihar,2020,7.1,,17000.0,RS_Session_255_AU_90.1 (1).csv
Bihar,2020,6.8,,160000.0,RS_Session_255_AU_90.1 (1).csv
Bihar,2020,9.2,,24000.0,RS_Session_255_AU_90.1 (1).csv
Bihar,2020,9.0,,17000.0,RS_Session_255_AU_90.1 (1).csv
Jharkhand,2020,8.6,,,RS_Session_255_AU_90.1 (1).csv
Jharkhand,2020,8.4,,,RS_Session_255_AU_90.1 (1).csv
Jharkhand,2020,8.4,,,RS_Session_255_AU_90.1 (1).csv
Jharkhand,2020,8.6,,,RS_Session_255_AU_90.1 (1).csv
West Bengal,2020,6.9,,64500.0,RS_Session_255_AU_90.1 (1).csv
West Bengal,2020,7.6,,49000.0,RS_Session_255_AU_90.1 (1).csv
West Bengal,2020,7.4,,25000.0,RS_Session_255_AU_90.1 (1).csv
West Bengal,2020,6.8,,35500.0,RS_Session_255_AU_90.1 (1).csv
West Bengal,2020,6.9,,17000.0,RS_Session_255_AU_90.1 (1).csv
West Bengal,2020,5.7,,94000.0,RS_Session_255_AU_90.1 (1).csv
West Bengal,2020,6.1,,29500.0,RS_Session_255_AU_90.1 (1).csv
West Bengal,2020,5.8,,24500.0,RS_Session_255_AU_90.1 (1).csv
West Bengal,2020,6.4,,80000.0,RS_Session_255_AU_90.1 (1).csv
West Bengal,2020,5.2,,70000.0,RS_Session_255_AU_90.1 (1).csv
West Bengal,2020,5.5,,70000.0,RS_Session_255_AU_90.1 (1).csv
West Bengal,2020,5.7,,20000.0,RS_Session_255_AU_90.1 (1).csv
West Bengal,2020,6.3,,7450.0,RS_Session_255_AU_90.1 (1).csv
