location,time,temperature,dew_point,humidity,precipitation,snow,wind_direction,wind_speed,wind_gust,pressure,sunshine_duration,weather_code,source_file
Haridwar,2026-08-07 00:30:00,27.1,26.4,96,0.0,,165,4.0,,1000.5,,3,export (1).csv
Haridwar,2026-08-07 01:30:00,27.0,26.5,97,0.2,,88,2.9,,999.9,,7,export (1).csv
Haridwar,2026-08-07 02:30:00,26.7,26.4,98,0.0,,83,2.9,,999.7,,3,export (1).csv
Haridwar,2026-08-07 03:30:00,26.6,26.3,98,0.0,,97,2.9,,999.3,,3,export (1).csv
Haridwar,2026-08-07 04:30:00,26.5,26.2,98,0.1,,125,2.2,,999.2,,17,export (1).csv
Haridwar,2026-08-07 05:30:00,26.4,26.1,98,0.0,,124,2.9,,999.2,,3,export (1).csv
Haridwar,2026-08-07 06:30:00,26.9,26.0,95,0.0,,137,4.0,,999.7,,2,export (1).csv
Haridwar,2026-08-07 07:30:00,28.0,26.2,90,0.0,,148,4.0,,1000.5,,1,export (1).csv
Haridwar,2026-08-07 08:30:00,29.2,26.2,84,0.0,,193,3.6,,1001.1,,1,export (1).csv
Haridwar,2026-08-07 09:30:00,30.4,26.1,78,0.2,,165,2.9,,1001.2,,17,export (1).csv
Haridwar,2026-08-07 10:30:00,31.3,26.1,74,0.1,,93,2.9,,1001.2,,17,export (1).csv
Haridwar,2026-08-07 11:30:00,31.8,25.9,71,0.1,,82,4.3,,1000.5,,17,export (1).csv
Haridwar,2026-08-07 12:30:00,32.0,25.8,70,0.1,,82,5.8,,999.5,,7,export (1).csv
Haridwar,2026-08-07 13:30:00,32.0,26.1,71,0.1,,71,6.8,,998.4,,17,export (1).csv
Haridwar,2026-08-07 14:30:00,32.2,25.5,68,0.4,,78,7.2,,997.4,,17,export (1).csv
Haridwar,2026-08-07 15:30:00,32.2,25.5,68,0.3,,99,7.9,,996.7,,17,export (1).csv
Haridwar,2026-08-07 16:30:00,31.8,25.1,68,0.2,,99,7.6,,996.6,,17,export (1).csv
Haridwar,2026-08-07 17:30:00,30.1,27.1,84,0.1,,119,10.1,,996.8,,17,export (1).csv
Haridwar,2026-08-07 18:30:00,29.4,27.2,88,0.0,,143,6.8,,997.4,,3,export (1).csv
Haridwar,2026-08-07 19:30:00,28.8,27.0,90,0.0,,116,8.3,,999.1,,3,export (1).csv
Haridwar,2026-08-07 20:30:00,28.6,26.8,90,0.0,,106,7.9,,1000.0,,3,export (1).csv
Haridwar,2026-08-07 21:30:00,28.3,26.7,91,0.0,,129,6.1,,1000.3,,3,export (1).csv
Haridwar,2026-08-07 22:30:00,27.7,26.3,92,0.1,,153,5.4,,1000.5,,17,export (1).csv
Haridwar,2026-08-07 23:30:00,26.1,25.6,97,2.0,,118,9.7,,1000.5,,18,export (1).csv
Haridwar,2026-08-08 00:30:00,25.9,25.4,97,0.5,,144,7.9,,1000.4,,17,export (1).csv
Haridwar,2026-08-08 01:30:00,25.7,25.4,98,0.3,,78,4.0,,1000.0,,17,export (1).csv
Haridwar,2026-08-08 02:30:00,25.5,25.2,98,0.4,,58,5.8,,999.9,,8,export (1).csv
Haridwar,2026-08-08 03:30:00,25.7,25.0,96,0.5,,80,10.1,,999.0,,8,export (1).csv
Haridwar,2026-08-08 04:30:00,25.6,25.1,97,0.1,,109,5.8,,999.5,,17,export (1).csv
Haridwar,2026-08-08 05:30:00,25.5,25.0,97,0.0,,86,5.8,,999.3,,3,export (1).csv
Haridwar,2026-08-08 06:30:00,25.7,25.0,96,0.0,,82,5.8,,999.9,,3,export (1).csv
Haridwar,2026-08-08 07:30:00,26.6,24.8,90,0.0,,79,6.1,,1000.6,,3,export (1).csv
Haridwar,2026-08-08 08:30:00,27.4,24.6,85,0.0,,100,6.1,,1001.0,,3,export (1).csv
Haridwar,2026-08-08 09:30:00,28.7,24.7,79,0.1,,97,6.8,,1001.2,,17,export (1).csv
Haridwar,2026-08-08 10:30:00,30.4,25.7,76,0.1,,84,8.6,,1001.4,,17,export (1).csv
Haridwar,2026-08-08 11:30:00,31.5,25.1,69,0.0,,90,10.4,,1000.7,,3,export (1).csv
Haridwar,2026-08-08 12:30:00,30.7,25.3,73,0.2,,74,10.8,,999.9,,7,export (1).csv
Haridwar,2026-08-08 13:30:00,31.6,25.9,72,0.4,,81,10.4,,999.2,,17,export (1).csv
Haridwar,2026-08-08 14:30:00,31.9,25.7,70,0.0,,73,10.4,,998.3,,3,export (1).csv
Haridwar,2026-08-08 15:30:00,32.8,24.8,63,0.4,,80,13.3,,996.9,,17,export (1).csv
Haridwar,2026-08-08 16:30:00,32.7,25.2,65,0.2,,79,13.3,,996.6,,17,export (1).csv
Haridwar,2026-08-08 17:30:00,30.0,26.8,83,1.3,,118,10.1,,997.7,,18,export (1).csv
Haridwar,2026-08-08 18:30:00,29.8,27.0,85,0.0,,83,6.1,,998.5,,3,export (1).csv
Haridwar,2026-08-08 19:30:00,29.4,26.8,86,0.0,,85,8.6,,999.4,,2,export (1).csv
Haridwar,2026-08-08 20:30:00,28.9,26.7,88,0.2,,114,10.1,,1000.6,,17,export (1).csv
Haridwar,2026-08-08 21:30:00,27.5,26.3,93,1.3,,154,7.2,,1001.6,,18,export (1).csv
Haridwar,2026-08-08 22:30:00,27.5,26.4,94,0.3,,54,7.6,,1001.4,,17,export (1).csv
Haridwar,2026-08-08 23:30:00,27.4,26.5,95,0.0,,58,8.6,,1001.1,,3,export (1).csv
Haridwar,2026-08-09 00:30:00,27.2,26.1,94,0.0,,69,9.7,,1000.7,,3,export (1).csv
Haridwar,2026-08-09 01:30:00,27.0,25.9,94,0.0,,72,9.0,,1000.5,,3,export (1).csv
Haridwar,2026-08-09 02:30:00,26.9,25.5,92,0.4,,87,10.1,,1000.3,,8,export (1).csv
Haridwar,2026-08-09 03:30:00,26.7,25.7,94,0.4,,63,11.5,,1000.1,,8,export (1).csv
Haridwar,2026-08-09 04:30:00,26.3,25.6,96,0.0,,70,12.2,,999.9,,3,export (1).csv
Haridwar,2026-08-09 05:30:00,26.1,25.1,94,0.0,,75,12.2,,1000.2,,3,export (1).csv
Haridwar,2026-08-09 06:30:00,26.3,25.3,94,0.2,,78,13.3,,1000.7,,7,export (1).csv
Haridwar,2026-08-09 07:30:00,27.0,25.6,92,0.1,,86,14.8,,1000.5,,7,export (1).csv
Haridwar,2026-08-09 08:30:00,28.5,25.1,82,0.1,,101,16.2,,1000.6,,7,export (1).csv
Haridwar,2026-08-09 09:30:00,30.0,25.1,75,0.2,,110,15.8,,1000.9,,17,export (1).csv
Haridwar,2026-08-09 10:30:00,31.0,25.6,73,0.1,,113,12.2,,1001.2,,17,export (1).csv
Haridwar,2026-08-09 11:30:00,31.9,25.7,70,0.0,,111,13.7,,1000.4,,3,export (1).csv
Haridwar,2026-08-09 12:30:00,32.2,25.8,69,0.5,,105,13.7,,999.4,,17,export (1).csv
Haridwar,2026-08-09 13:30:00,33.4,25.4,63,0.0,,110,13.0,,998.4,,2,export (1).csv
Haridwar,2026-08-09 14:30:00,33.5,25.7,64,0.2,,107,12.2,,997.4,,17,export (1).csv
Haridwar,2026-08-09 15:30:00,33.5,25.7,64,0.0,,103,10.1,,996.9,,2,export (1).csv
Haridwar,2026-08-09 16:30:00,33.2,25.7,65,0.0,,91,11.9,,996.8,,2,export (1).csv
Haridwar,2026-08-09 17:30:00,31.7,26.5,74,0.2,,99,9.4,,997.1,,17,export (1).csv
Haridwar,2026-08-09 18:30:00,30.8,26.1,76,0.0,,76,7.6,,998.1,,2,export (1).csv
Haridwar,2026-08-09 19:30:00,30.1,26.3,80,0.0,,119,7.9,,999.4,,3,export (1).csv
Haridwar,2026-08-09 20:30:00,28.3,26.9,92,2.3,,128,5.8,,1000.2,,18,export (1).csv
Haridwar,2026-08-09 21:30:00,28.2,26.8,92,0.5,,113,13.3,,1000.9,,17,export (1).csv
Haridwar,2026-08-09 22:30:00,27.4,26.2,93,0.7,,91,13.0,,1001.2,,8,export (1).csv
Haridwar,2026-08-09 23:30:00,26.9,26.0,95,0.6,,97,9.7,,1000.4,,17,export (1).csv
Haridwar,2026-08-10 00:30:00,26.8,26.1,96,0.4,,88,8.6,,1000.2,,17,export (1).csv
Haridwar,2026-08-10 01:30:00,26.6,26.1,97,0.0,,97,8.6,,999.4,,3,export (1).csv
Haridwar,2026-08-10 02:30:00,26.5,26.0,97,0.0,,83,9.4,,998.6,,3,export (1).csv
Haridwar,2026-08-10 03:30:00,26.6,26.1,97,0.0,,82,7.6,,998.9,,3,export (1).csv
Haridwar,2026-08-10 04:30:00,26.6,26.1,97,0.0,,86,5.8,,999.4,,3,export (1).csv
Haridwar,2026-08-10 05:30:00,26.6,26.1,97,0.0,,95,6.8,,999.4,,3,export (1).csv
Haridwar,2026-08-10 06:30:00,27.1,26.0,94,0.0,,102,9.0,,1000.2,,3,export (1).csv
Haridwar,2026-08-10 07:30:00,28.0,26.2,90,0.0,,113,7.9,,1000.6,,3,export (1).csv
Haridwar,2026-08-10 08:30:00,28.8,26.2,86,0.1,,120,7.2,,1000.8,,7,export (1).csv
Haridwar,2026-08-10 09:30:00,30.1,26.5,81,0.2,,113,7.2,,1001.0,,17,export (1).csv
Haridwar,2026-08-10 10:30:00,30.7,26.2,77,0.3,,105,7.9,,1000.9,,17,export (1).csv
Haridwar,2026-08-10 11:30:00,31.9,26.0,71,0.3,,103,11.2,,1001.2,,17,export (1).csv
Haridwar,2026-08-10 12:30:00,31.8,26.6,74,0.4,,128,11.5,,1000.4,,17,export (1).csv
Haridwar,2026-08-10 13:30:00,32.0,27.0,75,0.2,,101,10.4,,999.4,,17,export (1).csv
Haridwar,2026-08-10 14:30:00,31.8,26.8,75,0.4,,96,12.6,,997.9,,17,export (1).csv
Haridwar,2026-08-10 15:30:00,31.1,26.8,78,0.7,,91,11.9,,996.9,,17,export (1).csv
Haridwar,2026-08-10 16:30:00,31.6,26.2,73,0.2,,102,11.5,,996.4,,17,export (1).csv
Haridwar,2026-08-10 17:30:00,31.1,26.8,78,0.0,,104,9.0,,997.1,,3,export (1).csv
Haridwar,2026-08-10 18:30:00,30.4,27.2,83,0.0,,83,6.1,,997.8,,3,export (1).csv
Haridwar,2026-08-10 19:30:00,30.0,27.0,84,0.0,,93,12.2,,999.0,,3,export (1).csv
Haridwar,2026-08-10 20:30:00,29.3,25.9,82,0.0,,115,14.8,,999.9,,3,export (1).csv
Haridwar,2026-08-10 21:30:00,28.3,26.1,88,0.2,,102,16.2,,1000.6,,17,export (1).csv
Haridwar,2026-08-10 22:30:00,27.7,25.9,90,0.2,,101,11.5,,1000.3,,17,export (1).csv
Haridwar,2026-08-10 23:30:00,27.4,26.0,92,0.0,,118,9.4,,1001.0,,3,export (1).csv
Haridwar,2026-08-11 00:30:00,27.1,26.0,94,0.0,,115,6.8,,1000.9,,3,export (1).csv
Haridwar,2026-08-11 01:30:00,26.8,26.1,96,0.0,,84,8.6,,999.8,,3,export (1).csv
Haridwar,2026-08-11 02:30:00,26.6,26.1,97,0.0,,89,7.6,,999.7,,2,export (1).csv
Haridwar,2026-08-11 03:30:00,26.5,26.2,98,0.0,,112,6.8,,999.6,,3,export (1).csv
Haridwar,2026-08-11 04:30:00,26.4,26.1,98,0.0,,88,8.3,,999.9,,3,export (1).csv
Haridwar,2026-08-11 05:30:00,26.3,25.8,97,0.0,,96,8.3,,1000.0,,3,export (1).csv
Haridwar,2026-08-11 06:30:00,26.7,25.7,94,0.0,,102,8.3,,1000.6,,3,export (1).csv
Haridwar,2026-08-11 07:30:00,27.8,25.4,87,0.0,,115,7.6,,1001.2,,3,export (1).csv
Haridwar,2026-08-11 08:30:00,29.3,25.5,80,0.0,,119,8.6,,1001.7,,3,export (1).csv
Haridwar,2026-08-11 09:30:00,31.0,25.8,74,0.2,,169,7.2,,1001.8,,17,export (1).csv
Haridwar,2026-08-11 10:30:00,32.1,25.4,68,0.0,,158,5.8,,1001.6,,2,export (1).csv
Haridwar,2026-08-11 11:30:00,33.0,25.8,66,0.1,,138,5.0,,1001.3,,17,export (1).csv
Haridwar,2026-08-11 12:30:00,33.4,26.2,66,0.0,,128,4.0,,1000.6,,2,export (1).csv
Haridwar,2026-08-11 13:30:00,33.8,26.5,66,0.0,,107,2.5,,999.1,,2,export (1).csv
Haridwar,2026-08-11 14:30:00,33.4,26.7,68,0.0,,53,4.3,,998.1,,2,export (1).csv
Haridwar,2026-08-11 15:30:00,31.3,26.5,76,0.1,,197,12.2,,997.3,,17,export (1).csv
Haridwar,2026-08-11 16:30:00,28.2,26.6,91,2.1,,179,14.0,,997.3,,18,export (1).csv
Haridwar,2026-08-11 17:30:00,28.6,26.2,87,0.3,,177,8.6,,998.0,,17,export (1).csv
Haridwar,2026-08-11 18:30:00,28.3,25.9,87,0.0,,156,5.8,,998.8,,3,export (1).csv
Haridwar,2026-08-11 19:30:00,28.1,25.9,88,0.0,,169,4.7,,999.8,,3,export (1).csv
Haridwar,2026-08-11 20:30:00,27.9,26.1,90,0.0,,101,4.7,,1000.7,,3,export (1).csv
Haridwar,2026-08-11 21:30:00,27.8,26.4,92,0.0,,118,3.2,,1000.8,,3,export (1).csv
Haridwar,2026-08-11 22:30:00,27.7,26.5,93,0.0,,118,5.0,,1001.3,,3,export (1).csv
Haridwar,2026-08-11 23:30:00,27.4,26.3,94,0.0,,117,4.3,,1001.2,,3,export (1).csv
Haridwar,2026-08-12 00:30:00,27.2,26.3,95,0.0,,150,3.2,,1001.2,,1,export (1).csv
Haridwar,2026-08-12 01:30:00,27.0,26.5,97,0.0,,155,3.2,,1000.9,,1,export (1).csv
Haridwar,2026-08-12 02:30:00,26.9,26.6,98,0.0,,168,4.3,,1000.5,,1,export (1).csv
Haridwar,2026-08-12 03:30:00,26.8,26.5,98,0.0,,175,3.2,,1000.5,,1,export (1).csv
Haridwar,2026-08-12 04:30:00,26.9,26.2,96,0.0,,193,2.9,,1000.6,,2,export (1).csv
Haridwar,2026-08-12 05:30:00,26.9,26.2,96,0.0,,173,2.9,,1000.8,,2,export (1).csv
Haridwar,2026-08-12 06:30:00,27.6,26.2,92,0.0,,166,3.6,,1001.4,,1,export (1).csv
Haridwar,2026-08-12 07:30:00,28.3,26.3,89,0.0,,230,6.5,,1001.3,,1,export (1).csv
Haridwar,2026-08-12 08:30:00,29.7,26.7,84,0.0,,240,5.4,,1001.9,,3,export (1).csv
Haridwar,2026-08-12 09:30:00,31.1,26.8,78,0.0,,235,4.3,,1001.9,,3,export (1).csv
Haridwar,2026-08-12 10:30:00,32.4,26.4,71,0.0,,224,4.3,,1002.1,,2,export (1).csv
Haridwar,2026-08-12 11:30:00,33.3,26.1,66,0.0,,223,5.0,,1001.6,,1,export (1).csv
Haridwar,2026-08-12 12:30:00,33.8,25.5,62,0.0,,213,5.0,,1001.0,,2,export (1).csv
Haridwar,2026-08-12 13:30:00,34.0,25.7,62,0.0,,208,4.0,,1000.3,,2,export (1).csv
Haridwar,2026-08-12 14:30:00,34.4,26.0,62,0.0,,214,1.4,,999.6,,1,export (1).csv
Haridwar,2026-08-12 15:30:00,34.2,25.9,62,0.0,,339,2.9,,998.4,,2,export (1).csv
Haridwar,2026-08-12 16:30:00,33.8,25.7,63,0.2,,20,4.0,,998.0,,17,export (1).csv
Haridwar,2026-08-12 17:30:00,32.9,26.7,70,0.5,,55,4.0,,998.2,,17,export (1).csv
Haridwar,2026-08-12 18:30:00,31.7,26.9,76,0.0,,57,4.7,,999.0,,2,export (1).csv
Haridwar,2026-08-12 19:30:00,31.0,27.3,81,0.0,,88,5.0,,1000.2,,2,export (1).csv
Haridwar,2026-08-12 20:30:00,30.5,27.3,83,0.0,,113,5.0,,1001.6,,2,export (1).csv
Haridwar,2026-08-12 21:30:00,30.2,27.4,85,0.0,,106,5.0,,1002.7,,3,export (1).csv
Haridwar,2026-08-12 22:30:00,29.8,27.6,88,0.0,,102,5.8,,1002.7,,3,export (1).csv
Haridwar,2026-08-12 23:30:00,29.4,27.2,88,0.0,,108,5.4,,1002.6,,2,export (1).csv
Haridwar,2026-08-13 00:30:00,29.1,27.1,89,0.0,,128,5.8,,1002.4,,3,export (1).csv
Haridwar,2026-08-13 01:30:00,27.4,26.7,96,3.5,,285,8.3,,1002.3,,18,export (1).csv
Haridwar,2026-08-13 02:30:00,27.4,26.9,97,0.8,,314,7.6,,1001.3,,17,export (1).csv
Haridwar,2026-08-13 03:30:00,27.4,26.9,97,0.0,,15,4.0,,1001.0,,3,export (1).csv
Haridwar,2026-08-13 04:30:00,27.4,26.9,97,0.0,,301,5.0,,1001.3,,3,export (1).csv
Haridwar,2026-08-13 05:30:00,28.3,27.6,96,0.0,,260,3.2,,1001.8,,3,export (1).csv
Haridwar,2026-08-13 06:30:00,29.0,27.7,93,0.0,,245,5.0,,1002.5,,2,export (1).csv
Haridwar,2026-08-13 07:30:00,30.2,27.4,85,0.0,,264,5.0,,1002.7,,3,export (1).csv
Haridwar,2026-08-13 08:30:00,31.3,27.0,78,0.0,,272,5.8,,1002.9,,3,export (1).csv
Haridwar,2026-08-13 09:30:00,32.1,26.9,74,0.0,,261,4.7,,1002.8,,3,export (1).csv
Haridwar,2026-08-13 10:30:00,33.1,26.9,70,0.0,,279,4.3,,1002.5,,3,export (1).csv
Haridwar,2026-08-13 11:30:00,33.5,27.0,69,0.0,,315,6.5,,1002.4,,3,export (1).csv
Haridwar,2026-08-13 12:30:00,32.5,27.5,75,1.3,,289,8.3,,1001.0,,9,export (1).csv
Haridwar,2026-08-13 13:30:00,31.1,27.2,80,2.2,,328,5.8,,1000.0,,9,export (1).csv
Haridwar,2026-08-13 14:30:00,32.2,27.4,76,1.3,,243,7.2,,998.8,,18,export (1).csv
Haridwar,2026-08-13 15:30:00,29.5,27.1,87,2.8,,268,12.2,,998.6,,18,export (1).csv
Haridwar,2026-08-13 16:30:00,29.5,26.9,86,0.7,,307,9.0,,998.6,,8,export (1).csv
Haridwar,2026-08-13 17:30:00,29.3,26.9,87,0.1,,270,5.0,,999.0,,17,export (1).csv
Haridwar,2026-08-13 18:30:00,28.2,26.8,92,0.5,,315,8.6,,1000.4,,17,export (1).csv
Haridwar,2026-08-13 19:30:00,26.4,26.1,98,7.4,,238,10.1,,1002.4,,9,export (1).csv
Haridwar,2026-08-13 20:30:00,26.5,26.2,98,2.3,,86,4.7,,1002.5,,9,export (1).csv
Haridwar,2026-08-13 21:30:00,26.6,26.3,98,1.0,,95,6.8,,1002.9,,9,export (1).csv
Haridwar,2026-08-13 22:30:00,26.7,26.2,97,0.5,,101,6.8,,1002.5,,8,export (1).csv
Haridwar,2026-08-13 23:30:00,26.7,26.2,97,0.5,,188,4.7,,1002.0,,17,export (1).csv
Haridwar,2026-08-14 00:30:00,26.6,26.3,98,0.2,,183,5.0,,1002.0,,7,export (1).csv
Haridwar,2026-08-14 01:30:00,26.5,26.2,98,0.2,,143,5.0,,1001.3,,7,export (1).csv
Haridwar,2026-08-14 02:30:00,26.5,25.8,96,0.0,,220,6.8,,1000.9,,3,export (1).csv
Haridwar,2026-08-14 03:30:00,26.1,25.4,96,1.8,,238,5.8,,1002.0,,9,export (1).csv
Haridwar,2026-08-14 04:30:00,26.1,25.4,96,0.4,,0,5.8,,1002.3,,8,export (1).csv
Haridwar,2026-08-14 05:30:00,26.3,25.6,96,0.1,,351,4.3,,1002.3,,7,export (1).csv
Haridwar,2026-08-14 06:30:00,26.7,25.7,94,0.0,,348,6.5,,1002.9,,3,export (1).csv
Haridwar,2026-08-14 07:30:00,27.4,25.6,90,0.0,,38,7.6,,1003.1,,3,export (1).csv
Haridwar,2026-08-14 08:30:00,28.1,25.7,87,0.2,,42,7.2,,1003.1,,7,export (1).csv
Haridwar,2026-08-14 09:30:00,29.7,25.9,80,0.3,,46,9.4,,1002.6,,8,export (1).csv
Haridwar,2026-08-14 10:30:00,30.8,26.1,76,0.5,,63,10.4,,1002.5,,8,export (1).csv
Haridwar,2026-08-14 11:30:00,31.5,26.3,74,0.1,,81,10.1,,1002.4,,7,export (1).csv
Haridwar,2026-08-14 12:30:00,31.6,26.4,74,0.2,,75,10.4,,1001.2,,7,export (1).csv
Haridwar,2026-08-14 13:30:00,31.7,26.5,74,0.2,,43,13.3,,999.6,,7,export (1).csv
Haridwar,2026-08-14 14:30:00,32.0,26.8,74,0.3,,38,11.2,,998.4,,17,export (1).csv
Haridwar,2026-08-14 15:30:00,31.6,26.4,74,0.2,,40,10.4,,997.7,,17,export (1).csv
Haridwar,2026-08-14 16:30:00,30.9,26.2,76,0.4,,23,7.9,,997.3,,17,export (1).csv
Haridwar,2026-08-14 17:30:00,28.6,26.0,86,0.7,,320,11.2,,998.0,,17,export (1).csv
Haridwar,2026-08-14 18:30:00,26.4,25.7,96,9.5,,9,14.4,,999.7,,18,export (1).csv
Haridwar,2026-08-14 19:30:00,26.6,25.9,96,1.7,,28,7.9,,1000.5,,9,export (1).csv
Haridwar,2026-08-14 20:30:00,26.7,26.2,97,0.7,,186,4.0,,1001.2,,8,export (1).csv
Haridwar,2026-08-14 21:30:00,26.9,26.6,98,0.0,,312,3.6,,1001.9,,3,export (1).csv
Haridwar,2026-08-14 22:30:00,26.9,26.6,98,0.0,,117,3.6,,1001.5,,3,export (1).csv
Haridwar,2026-08-14 23:30:00,26.9,26.4,97,0.0,,91,2.2,,1001.3,,3,export (1).csv
Prayagraj,2026-08-07 00:30:00,27.5,25.7,90,,,241,3.7,,999.6,,4,export (2).csv
Prayagraj,2026-08-07 01:30:00,27.4,25.8,91,,,237,3.7,,999.1,,4,export (2).csv
Prayagraj,2026-08-07 02:30:00,27.2,25.8,92,,,233,3.7,,998.7,,4,export (2).csv
Prayagraj,2026-08-07 03:30:00,27.1,25.9,93,,,234,3.7,,998.5,,4,export (2).csv
Prayagraj,2026-08-07 04:30:00,27.0,25.8,93,,,235,3.7,,998.2,,4,export (2).csv
Prayagraj,2026-08-07 05:30:00,27.0,25.8,93,,,236,1.8,,998.0,,4,export (2).csv
Prayagraj,2026-08-07 06:30:00,27.6,25.8,90,,,235,3.7,,998.3,,4,export (2).csv
Prayagraj,2026-08-07 07:30:00,28.3,25.9,87,,,234,5.5,,998.7,,4,export (2).csv
Prayagraj,2026-08-07 08:30:00,29.0,26.0,84,,,233,5.5,,999.1,,4,export (2).csv
Prayagraj,2026-08-07 09:30:00,29.9,26.3,81,,,216,5.5,,999.1,,3,export (2).csv
Prayagraj,2026-08-07 10:30:00,30.9,26.6,78,,,192,5.5,,999.2,,3,export (2).csv
Prayagraj,2026-08-07 11:30:00,31.9,26.9,75,,,166,7.4,,999.2,,3,export (2).csv
Prayagraj,2026-08-07 12:30:00,32.2,27.0,74,,,158,5.5,,998.5,,3,export (2).csv
Prayagraj,2026-08-07 13:30:00,32.6,26.9,72,,,153,5.5,,997.7,,3,export (2).csv
Prayagraj,2026-08-07 14:30:00,32.9,26.7,70,,,149,5.5,,997.0,,3,export (2).csv
Prayagraj,2026-08-07 15:30:00,32.5,26.3,70,,,170,7.4,,997.3,,3,export (2).csv
Prayagraj,2026-08-07 16:30:00,32.1,26.4,72,,,182,5.5,,996.9,,3,export (2).csv
Prayagraj,2026-08-07 17:30:00,31.8,26.3,73,,,196,5.5,,996.4,,3,export (2).csv
Prayagraj,2026-08-07 18:30:00,31.2,26.0,74,,,199,5.5,,997.2,,3,export (2).csv
Prayagraj,2026-08-07 19:30:00,30.5,26.0,77,,,202,5.5,,997.9,,3,export (2).csv
Prayagraj,2026-08-07 20:30:00,29.9,25.9,79,,,204,5.5,,998.7,,3,export (2).csv
Prayagraj,2026-08-07 21:30:00,29.7,25.9,80,,,208,5.5,,999.0,,7,export (2).csv
Prayagraj,2026-08-07 22:30:00,29.5,25.7,80,,,214,5.5,,999.4,,7,export (2).csv
Prayagraj,2026-08-07 23:30:00,29.2,25.8,82,,,221,5.5,,999.7,,7,export (2).csv
Prayagraj,2026-08-08 00:30:00,29.0,25.8,83,,,219,5.5,,999.4,,7,export (2).csv
Prayagraj,2026-08-08 01:30:00,28.7,25.9,85,,,215,3.7,,999.1,,7,export (2).csv
Prayagraj,2026-08-08 02:30:00,28.4,25.8,86,,,210,3.7,,998.8,,7,export (2).csv
Prayagraj,2026-08-08 03:30:00,28.2,25.8,87,,,212,3.7,,998.7,,3,export (2).csv
Prayagraj,2026-08-08 04:30:00,28.0,25.8,88,,,212,3.7,,998.7,,3,export (2).csv
Prayagraj,2026-08-08 05:30:00,27.7,25.7,89,,,213,3.7,,998.6,,3,export (2).csv
Prayagraj,2026-08-08 06:30:00,28.4,25.8,86,,,210,3.7,,999.1,,3,export (2).csv
Prayagraj,2026-08-08 07:30:00,29.0,25.8,83,,,207,3.7,,999.6,,3,export (2).csv
Prayagraj,2026-08-08 08:30:00,29.7,26.1,81,,,203,5.5,,1000.0,,3,export (2).csv
Prayagraj,2026-08-08 09:30:00,30.7,26.2,77,,,178,5.5,,1000.1,,3,export (2).csv
Prayagraj,2026-08-08 10:30:00,31.8,26.6,74,,,152,5.5,,1000.2,,3,export (2).csv
Prayagraj,2026-08-08 11:30:00,32.8,26.8,71,,,131,5.5,,1000.3,,3,export (2).csv
Prayagraj,2026-08-08 12:30:00,33.0,26.8,70,,,131,5.5,,999.8,,3,export (2).csv
Prayagraj,2026-08-08 13:30:00,33.3,26.6,68,,,130,7.4,,999.2,,3,export (2).csv
Prayagraj,2026-08-08 14:30:00,33.5,26.5,67,,,129,7.4,,998.6,,3,export (2).csv
Prayagraj,2026-08-08 15:30:00,33.9,26.4,65,,,114,7.4,,998.1,,7,export (2).csv
Prayagraj,2026-08-08 16:30:00,33.7,26.2,65,,,109,5.5,,997.7,,7,export (2).csv
Prayagraj,2026-08-08 17:30:00,33.5,26.3,66,,,101,5.5,,997.2,,7,export (2).csv
Prayagraj,2026-08-08 18:30:00,32.6,26.2,69,,,126,5.5,,998.1,,7,export (2).csv
Prayagraj,2026-08-08 19:30:00,31.8,26.1,72,,,150,5.5,,998.9,,7,export (2).csv
Prayagraj,2026-08-08 20:30:00,30.9,25.9,75,,,168,7.4,,999.7,,7,export (2).csv
Prayagraj,2026-08-08 21:30:00,30.4,25.9,77,,,172,5.5,,1000.1,,7,export (2).csv
Prayagraj,2026-08-08 22:30:00,29.8,26.0,80,,,181,5.5,,1000.5,,7,export (2).csv
Prayagraj,2026-08-08 23:30:00,29.3,25.9,82,,,198,3.7,,1000.8,,7,export (2).csv
Prayagraj,2026-08-09 00:30:00,29.0,26.0,84,,,188,3.7,,1000.6,,7,export (2).csv
Prayagraj,2026-08-09 01:30:00,28.8,26.0,85,,,177,3.7,,1000.3,,7,export (2).csv
Prayagraj,2026-08-09 02:30:00,28.5,25.9,86,,,166,3.7,,1000.1,,3,export (2).csv
Prayagraj,2026-08-09 03:30:00,28.2,25.8,87,,,181,3.7,,1000.0,,3,export (2).csv
Prayagraj,2026-08-09 04:30:00,28.0,25.8,88,,,190,3.7,,1000.0,,3,export (2).csv
Prayagraj,2026-08-09 05:30:00,27.7,25.7,89,,,196,3.7,,999.9,,3,export (2).csv
Prayagraj,2026-08-09 06:30:00,28.4,25.8,86,,,195,3.7,,1000.2,,3,export (2).csv
Prayagraj,2026-08-09 07:30:00,29.2,26.0,83,,,193,3.7,,1000.5,,3,export (2).csv
Prayagraj,2026-08-09 08:30:00,29.9,26.1,80,,,190,5.5,,1000.7,,3,export (2).csv
Prayagraj,2026-08-09 09:30:00,31.0,26.5,77,,,102,5.5,,1001.4,,3,export (2).csv
Prayagraj,2026-08-09 10:30:00,31.9,26.4,73,,,91,7.4,,1001.1,,3,export (2).csv
Prayagraj,2026-08-09 11:30:00,32.9,26.4,69,,,86,7.4,,1000.8,,3,export (2).csv
Prayagraj,2026-08-09 12:30:00,33.1,26.4,68,,,90,7.4,,1000.1,,3,export (2).csv
Prayagraj,2026-08-09 13:30:00,33.3,26.6,68,,,95,7.4,,999.4,,3,export (2).csv
Prayagraj,2026-08-09 14:30:00,33.5,26.5,67,,,100,7.4,,998.7,,3,export (2).csv
Prayagraj,2026-08-09 15:30:00,33.1,26.6,69,,,112,7.4,,998.2,,3,export (2).csv
Prayagraj,2026-08-09 16:30:00,32.8,26.6,70,,,126,5.5,,997.8,,7,export (2).csv
Prayagraj,2026-08-09 17:30:00,32.5,26.5,71,,,141,5.5,,997.4,,7,export (2).csv
Prayagraj,2026-08-09 18:30:00,31.8,26.6,74,,,151,5.5,,998.1,,7,export (2).csv
Prayagraj,2026-08-09 19:30:00,31.1,26.6,77,,,162,5.5,,998.8,,7,export (2).csv
Prayagraj,2026-08-09 20:30:00,30.5,26.4,79,,,173,5.5,,999.5,,7,export (2).csv
Prayagraj,2026-08-09 21:30:00,30.2,26.4,80,,,176,5.5,,999.9,,7,export (2).csv
Prayagraj,2026-08-09 22:30:00,29.9,26.3,81,,,179,3.7,,1000.3,,7,export (2).csv
Prayagraj,2026-08-09 23:30:00,29.5,26.1,82,,,186,3.7,,1000.7,,7,export (2).csv
Prayagraj,2026-08-10 00:30:00,29.3,26.1,83,,,180,3.7,,1000.3,,7,export (2).csv
Prayagraj,2026-08-10 01:30:00,29.0,26.0,84,,,172,3.7,,999.9,,7,export (2).csv
Prayagraj,2026-08-10 02:30:00,28.8,26.0,85,,,164,1.8,,999.5,,7,export (2).csv
Prayagraj,2026-08-10 03:30:00,28.7,26.1,86,,,187,1.8,,999.4,,3,export (2).csv
Prayagraj,2026-08-10 04:30:00,28.5,26.1,87,,,208,1.8,,999.3,,3,export (2).csv
Prayagraj,2026-08-10 05:30:00,28.4,26.0,87,,,223,1.8,,999.2,,3,export (2).csv
Prayagraj,2026-08-10 06:30:00,28.9,26.1,85,,,217,3.7,,999.5,,3,export (2).csv
Prayagraj,2026-08-10 07:30:00,29.5,26.5,84,,,211,3.7,,999.9,,3,export (2).csv
Prayagraj,2026-08-10 08:30:00,30.0,26.6,82,,,207,3.7,,1000.2,,3,export (2).csv
Prayagraj,2026-08-10 09:30:00,31.8,26.6,74,,,139,5.5,,1000.3,,3,export (2).csv
Prayagraj,2026-08-10 10:30:00,32.9,26.7,70,,,125,5.5,,1000.1,,3,export (2).csv
Prayagraj,2026-08-10 11:30:00,34.0,26.7,66,,,117,7.4,,999.9,,3,export (2).csv
Prayagraj,2026-08-10 12:30:00,33.9,26.9,67,,,120,7.4,,999.3,,3,export (2).csv
Prayagraj,2026-08-10 13:30:00,33.9,26.9,67,,,123,7.4,,998.8,,7,export (2).csv
Prayagraj,2026-08-10 14:30:00,33.8,27.0,68,,,125,7.4,,998.2,,7,export (2).csv
Prayagraj,2026-08-10 15:30:00,33.4,26.9,69,,,125,7.4,,997.7,,8,export (2).csv
Prayagraj,2026-08-10 16:30:00,32.9,26.9,71,,,126,7.4,,997.3,,8,export (2).csv
Prayagraj,2026-08-10 17:30:00,32.5,27.0,73,,,127,7.4,,996.8,,8,export (2).csv
Prayagraj,2026-08-10 18:30:00,31.7,26.7,75,,,140,7.4,,997.5,,8,export (2).csv
Prayagraj,2026-08-10 19:30:00,30.9,26.6,78,,,152,7.4,,998.3,,8,export (2).csv
Prayagraj,2026-08-10 20:30:00,30.1,26.5,81,,,161,7.4,,999.0,,8,export (2).csv
Prayagraj,2026-08-10 21:30:00,29.8,26.2,81,,,163,7.4,,999.4,,8,export (2).csv
Prayagraj,2026-08-10 22:30:00,29.5,25.9,81,,,164,7.4,,999.8,,7,export (2).csv
Prayagraj,2026-08-10 23:30:00,29.2,25.8,82,,,165,7.4,,1000.2,,3,export (2).csv
Prayagraj,2026-08-11 00:30:00,28.9,25.7,83,,,159,5.5,,999.8,,3,export (2).csv
Prayagraj,2026-08-11 01:30:00,28.6,25.6,84,,,151,5.5,,999.5,,3,export (2).csv
Prayagraj,2026-08-11 02:30:00,28.3,25.5,85,,,142,5.5,,999.1,,3,export (2).csv
Prayagraj,2026-08-11 03:30:00,28.2,25.6,86,,,163,3.7,,999.2,,3,export (2).csv
Prayagraj,2026-08-11 04:30:00,28.1,25.5,86,,,182,3.7,,999.3,,3,export (2).csv
Prayagraj,2026-08-11 05:30:00,28.0,25.6,87,,,197,3.7,,999.4,,3,export (2).csv
Prayagraj,2026-08-11 06:30:00,28.5,25.7,85,,,202,3.7,,999.8,,3,export (2).csv
Prayagraj,2026-08-11 07:30:00,29.1,25.9,83,,,206,5.5,,1000.2,,3,export (2).csv
Prayagraj,2026-08-11 08:30:00,29.7,26.3,82,,,210,5.5,,1000.5,,3,export (2).csv
Prayagraj,2026-08-11 09:30:00,31.5,26.5,75,,,155,5.5,,1000.3,,3,export (2).csv
Prayagraj,2026-08-11 10:30:00,32.7,26.5,70,,,149,5.5,,1000.1,,3,export (2).csv
Prayagraj,2026-08-11 11:30:00,33.9,26.6,66,,,145,5.5,,999.9,,7,export (2).csv
Prayagraj,2026-08-11 12:30:00,33.9,26.6,66,,,152,5.5,,999.3,,7,export (2).csv
Prayagraj,2026-08-11 13:30:00,33.9,26.6,66,,,161,5.5,,998.7,,7,export (2).csv
Prayagraj,2026-08-11 14:30:00,33.9,26.4,65,,,170,5.5,,998.1,,7,export (2).csv
Prayagraj,2026-08-11 15:30:00,33.6,26.3,66,,,174,5.5,,997.6,,7,export (2).csv
Prayagraj,2026-08-11 16:30:00,33.3,26.6,68,,,177,5.5,,997.2,,18,export (2).csv
Prayagraj,2026-08-11 17:30:00,32.9,26.7,70,,,180,5.5,,996.7,,18,export (2).csv
Prayagraj,2026-08-11 18:30:00,32.2,26.5,72,,,180,5.5,,997.6,,3,export (2).csv
Prayagraj,2026-08-11 19:30:00,31.4,26.4,75,,,180,5.5,,998.4,,3,export (2).csv
Prayagraj,2026-08-11 20:30:00,30.6,26.3,78,,,180,5.5,,999.3,,3,export (2).csv
Prayagraj,2026-08-11 21:30:00,30.4,26.3,79,,,184,3.7,,999.7,,3,export (2).csv
Prayagraj,2026-08-11 22:30:00,30.1,26.3,80,,,189,3.7,,1000.2,,3,export (2).csv
Prayagraj,2026-08-11 23:30:00,29.8,26.2,81,,,195,3.7,,1000.6,,3,export (2).csv
Prayagraj,2026-08-12 00:30:00,29.6,26.2,82,,,194,1.8,,1000.4,,3,export (2).csv
Prayagraj,2026-08-12 01:30:00,29.3,25.9,82,,,192,1.8,,1000.1,,3,export (2).csv
Prayagraj,2026-08-12 02:30:00,29.0,25.8,83,,,190,1.8,,999.8,,3,export (2).csv
Prayagraj,2026-08-12 03:30:00,28.3,25.9,87,,,224,3.7,,1000.2,,3,export (2).csv
Prayagraj,2026-08-12 04:30:00,28.1,25.9,88,,,223,3.7,,1000.1,,3,export (2).csv
Prayagraj,2026-08-12 05:30:00,28.0,26.0,89,,,222,3.7,,1000.1,,3,export (2).csv
Prayagraj,2026-08-12 06:30:00,29.0,26.0,84,,,235,3.7,,1000.4,,3,export (2).csv
Prayagraj,2026-08-12 07:30:00,30.0,26.2,80,,,245,5.5,,1000.6,,3,export (2).csv
Prayagraj,2026-08-12 08:30:00,31.0,26.3,76,,,252,5.5,,1000.8,,2,export (2).csv
Prayagraj,2026-08-12 09:30:00,32.1,26.4,72,,,253,5.5,,1000.7,,3,export (2).csv
Prayagraj,2026-08-12 10:30:00,33.2,26.2,67,,,254,5.5,,1000.5,,3,export (2).csv
Prayagraj,2026-08-12 11:30:00,34.3,26.2,63,,,255,5.5,,1000.4,,3,export (2).csv
Prayagraj,2026-08-12 12:30:00,34.7,26.3,62,,,245,5.5,,999.8,,3,export (2).csv
Prayagraj,2026-08-12 13:30:00,35.0,26.3,61,,,227,5.5,,999.3,,3,export (2).csv
Prayagraj,2026-08-12 14:30:00,35.3,26.3,60,,,196,5.5,,998.7,,3,export (2).csv
Prayagraj,2026-08-12 15:30:00,35.0,26.6,62,,,190,5.5,,998.4,,3,export (2).csv
Prayagraj,2026-08-12 16:30:00,34.6,26.5,63,,,186,5.5,,998.0,,3,export (2).csv
Prayagraj,2026-08-12 17:30:00,34.3,26.5,64,,,184,3.7,,997.7,,3,export (2).csv
Prayagraj,2026-08-12 18:30:00,33.5,26.5,67,,,191,3.7,,998.6,,3,export (2).csv
Prayagraj,2026-08-12 19:30:00,32.7,26.7,71,,,198,3.7,,999.4,,3,export (2).csv
Prayagraj,2026-08-12 20:30:00,31.9,26.7,74,,,204,3.7,,1000.3,,3,export (2).csv
Prayagraj,2026-08-12 21:30:00,31.6,26.6,75,,,212,3.7,,1000.8,,3,export (2).csv
Prayagraj,2026-08-12 22:30:00,31.4,26.6,76,,,220,3.7,,1001.3,,3,export (2).csv
Prayagraj,2026-08-12 23:30:00,31.2,26.7,77,,,227,3.7,,1001.8,,3,export (2).csv
Prayagraj,2026-08-13 00:30:00,30.8,26.5,78,,,226,3.7,,1001.6,,3,export (2).csv
Prayagraj,2026-08-13 01:30:00,30.4,26.5,80,,,226,3.7,,1001.4,,3,export (2).csv
Prayagraj,2026-08-13 02:30:00,30.0,26.6,82,,,225,1.8,,1001.2,,3,export (2).csv
Prayagraj,2026-08-13 03:30:00,29.7,26.3,82,,,247,3.7,,1001.1,,3,export (2).csv
Prayagraj,2026-08-13 04:30:00,29.5,26.1,82,,,246,5.5,,1001.2,,3,export (2).csv
Prayagraj,2026-08-13 05:30:00,29.4,26.2,83,,,246,5.5,,1001.3,,3,export (2).csv
Prayagraj,2026-08-13 06:30:00,30.1,26.3,80,,,250,5.5,,1001.5,,3,export (2).csv
Prayagraj,2026-08-13 07:30:00,30.8,26.1,76,,,254,7.4,,1001.8,,3,export (2).csv
Prayagraj,2026-08-13 08:30:00,31.5,26.3,74,,,257,9.3,,1002.1,,3,export (2).csv
Prayagraj,2026-08-13 09:30:00,32.4,26.4,71,,,258,9.3,,1002.0,,3,export (2).csv
Prayagraj,2026-08-13 10:30:00,33.2,26.5,68,,,259,9.3,,1001.9,,3,export (2).csv
Prayagraj,2026-08-13 11:30:00,34.1,26.6,65,,,261,9.3,,1001.8,,3,export (2).csv
Prayagraj,2026-08-13 12:30:00,34.2,26.7,65,,,258,9.3,,1000.9,,7,export (2).csv
Prayagraj,2026-08-13 13:30:00,34.2,26.9,66,,,252,9.3,,1000.1,,7,export (2).csv
Prayagraj,2026-08-13 14:30:00,34.3,27.0,66,,,236,9.3,,999.3,,8,export (2).csv
Prayagraj,2026-08-13 15:30:00,33.8,26.8,67,,,224,7.4,,999.0,,8,export (2).csv
Prayagraj,2026-08-13 16:30:00,33.3,26.8,69,,,206,7.4,,998.6,,8,export (2).csv
Prayagraj,2026-08-13 17:30:00,32.8,26.6,70,,,184,7.4,,998.3,,8,export (2).csv
Prayagraj,2026-08-13 18:30:00,32.0,26.5,73,,,193,7.4,,999.2,,8,export (2).csv
Prayagraj,2026-08-13 19:30:00,31.3,26.5,76,,,196,7.4,,1000.1,,8,export (2).csv
Prayagraj,2026-08-13 20:30:00,30.5,26.4,79,,,198,7.4,,1001.0,,8,export (2).csv
Prayagraj,2026-08-13 21:30:00,30.2,26.4,80,,,207,7.4,,1001.2,,8,export (2).csv
Prayagraj,2026-08-13 22:30:00,30.0,26.2,80,,,217,7.4,,1001.5,,8,export (2).csv
Prayagraj,2026-08-13 23:30:00,29.7,26.1,81,,,230,5.5,,1001.7,,8,export (2).csv
Prayagraj,2026-08-14 00:30:00,29.5,26.1,82,,,230,5.5,,1001.4,,8,export (2).csv
Prayagraj,2026-08-14 01:30:00,29.2,25.8,82,,,229,5.5,,1001.1,,8,export (2).csv
Prayagraj,2026-08-14 02:30:00,28.9,25.9,84,,,229,5.5,,1000.8,,8,export (2).csv
Prayagraj,2026-08-14 03:30:00,28.5,26.3,88,,,252,3.7,,1001.3,,8,export (2).csv
Prayagraj,2026-08-14 04:30:00,28.4,26.2,88,,,244,3.7,,1001.3,,7,export (2).csv
Prayagraj,2026-08-14 05:30:00,28.2,26.4,90,,,236,3.7,,1001.4,,18,export (2).csv
Prayagraj,2026-08-14 06:30:00,28.7,26.3,87,,,247,3.7,,1001.6,,7,export (2).csv
Prayagraj,2026-08-14 07:30:00,29.2,26.4,85,,,253,5.5,,1001.8,,7,export (2).csv
Prayagraj,2026-08-14 08:30:00,29.7,26.3,82,,,258,5.5,,1002.0,,7,export (2).csv
Prayagraj,2026-08-14 09:30:00,30.3,26.7,81,,,265,5.5,,1001.9,,7,export (2).csv
Prayagraj,2026-08-14 10:30:00,30.9,26.6,78,,,274,5.5,,1001.7,,7,export (2).csv
Prayagraj,2026-08-14 11:30:00,31.5,26.7,76,,,287,5.5,,1001.5,,7,export (2).csv
Prayagraj,2026-08-14 12:30:00,31.7,26.9,76,,,299,7.4,,1000.7,,8,export (2).csv
Prayagraj,2026-08-14 13:30:00,32.0,27.0,75,,,314,7.4,,999.9,,8,export (2).csv
Prayagraj,2026-08-14 14:30:00,32.3,27.1,74,,,331,7.4,,999.1,,8,export (2).csv
Prayagraj,2026-08-14 15:30:00,32.0,26.8,74,,,319,5.5,,998.7,,8,export (2).csv
Prayagraj,2026-08-14 16:30:00,31.8,26.6,74,,,298,5.5,,998.4,,8,export (2).csv
Prayagraj,2026-08-14 17:30:00,31.6,26.4,74,,,266,5.5,,998.0,,8,export (2).csv
Prayagraj,2026-08-14 18:30:00,31.0,26.5,77,,,248,5.5,,998.7,,8,export (2).csv
Prayagraj,2026-08-14 19:30:00,30.3,26.5,80,,,239,5.5,,999.5,,8,export (2).csv
Prayagraj,2026-08-14 20:30:00,29.7,26.3,82,,,233,5.5,,1000.2,,8,export (2).csv
Prayagraj,2026-08-14 21:30:00,28.8,25.8,84,,,251,7.4,,1001.2,,8,export (2).csv
Prayagraj,2026-08-14 22:30:00,28.6,25.8,85,,,253,5.5,,1001.3,,8,export (2).csv
Prayagraj,2026-08-14 23:30:00,28.4,26.0,87,,,254,5.5,,1001.4,,8,export (2).csv
Varanasi,2026-08-07 00:30:00,25.5,24.6,95,0.7,,10,7.2,,1001.2,,17,export (3).csv
Varanasi,2026-08-07 01:30:00,25.1,24.6,97,3.0,,88,6.8,,1000.4,,9,export (3).csv
Varanasi,2026-08-07 02:30:00,25.1,24.8,98,0.5,,116,4.7,,1000.0,,8,export (3).csv
Varanasi,2026-08-07 03:30:00,24.8,24.6,99,2.9,,98,6.8,,999.9,,9,export (3).csv
Varanasi,2026-08-07 04:30:00,24.9,24.7,99,2.7,,100,6.1,,999.8,,9,export (3).csv
Varanasi,2026-08-07 05:30:00,25.0,24.7,98,1.0,,91,6.5,,999.8,,9,export (3).csv
Varanasi,2026-08-07 06:30:00,25.3,24.6,96,0.6,,92,5.4,,1000.2,,8,export (3).csv
Varanasi,2026-08-07 07:30:00,26.0,24.6,92,0.2,,81,6.5,,1000.6,,7,export (3).csv
Varanasi,2026-08-07 08:30:00,26.5,24.7,90,0.2,,97,7.6,,1001.2,,7,export (3).csv
Varanasi,2026-08-07 09:30:00,27.1,24.7,87,0.2,,90,7.2,,1001.2,,7,export (3).csv
Varanasi,2026-08-07 10:30:00,28.5,25.3,83,0.1,,89,7.6,,1001.0,,7,export (3).csv
Varanasi,2026-08-07 11:30:00,29.3,25.1,78,0.1,,86,9.4,,1000.1,,7,export (3).csv
Varanasi,2026-08-07 12:30:00,28.5,25.5,84,1.2,,84,9.4,,999.3,,9,export (3).csv
Varanasi,2026-08-07 13:30:00,28.9,26.1,85,1.5,,104,9.0,,998.2,,9,export (3).csv
Varanasi,2026-08-07 14:30:00,29.1,26.1,84,0.2,,61,6.8,,997.4,,7,export (3).csv
Varanasi,2026-08-07 15:30:00,27.4,25.4,89,6.0,,180,11.5,,997.2,,9,export (3).csv
Varanasi,2026-08-07 16:30:00,26.8,25.6,93,6.1,,240,5.4,,997.2,,9,export (3).csv
Varanasi,2026-08-07 17:30:00,27.2,25.8,92,0.4,,151,11.5,,998.4,,17,export (3).csv
Varanasi,2026-08-07 18:30:00,27.0,25.4,91,0.1,,157,11.2,,999.5,,7,export (3).csv
Varanasi,2026-08-07 19:30:00,26.8,25.2,91,0.2,,152,10.4,,1000.6,,7,export (3).csv
Varanasi,2026-08-07 20:30:00,26.7,25.3,92,0.4,,148,10.1,,1001.3,,8,export (3).csv
Varanasi,2026-08-07 21:30:00,26.6,25.2,92,0.0,,150,10.8,,1001.7,,3,export (3).csv
Varanasi,2026-08-07 22:30:00,26.6,25.2,92,0.0,,147,11.2,,1001.4,,3,export (3).csv
Varanasi,2026-08-07 23:30:00,26.4,25.0,92,0.0,,147,9.0,,1001.2,,3,export (3).csv
Varanasi,2026-08-08 00:30:00,26.2,25.0,93,0.2,,147,9.7,,1000.7,,7,export (3).csv
Varanasi,2026-08-08 01:30:00,25.9,25.0,95,0.3,,146,7.6,,999.9,,17,export (3).csv
Varanasi,2026-08-08 02:30:00,25.8,24.8,94,0.0,,122,7.2,,999.9,,3,export (3).csv
Varanasi,2026-08-08 03:30:00,25.7,24.8,95,0.5,,158,8.6,,1000.0,,8,export (3).csv
Varanasi,2026-08-08 04:30:00,25.2,24.7,97,1.5,,147,10.4,,1000.4,,9,export (3).csv
Varanasi,2026-08-08 05:30:00,25.0,24.5,97,2.0,,147,6.8,,1000.6,,9,export (3).csv
Varanasi,2026-08-08 06:30:00,25.1,24.6,97,1.4,,107,8.3,,1001.4,,18,export (3).csv
Varanasi,2026-08-08 07:30:00,25.7,24.8,95,0.3,,104,8.3,,1001.6,,8,export (3).csv
Varanasi,2026-08-08 08:30:00,27.5,25.3,88,0.2,,130,10.1,,1002.2,,7,export (3).csv
Varanasi,2026-08-08 09:30:00,28.7,25.7,84,0.0,,146,10.1,,1002.6,,3,export (3).csv
Varanasi,2026-08-08 10:30:00,29.1,25.7,82,0.3,,140,10.1,,1002.4,,8,export (3).csv
Varanasi,2026-08-08 11:30:00,29.5,25.7,80,0.3,,136,11.9,,1001.9,,8,export (3).csv
Varanasi,2026-08-08 12:30:00,28.3,25.9,87,2.8,,183,10.8,,1001.6,,18,export (3).csv
Varanasi,2026-08-08 13:30:00,28.8,26.4,87,0.9,,178,8.6,,1000.5,,8,export (3).csv
Varanasi,2026-08-08 14:30:00,30.2,26.8,82,0.1,,162,11.5,,999.8,,7,export (3).csv
Varanasi,2026-08-08 15:30:00,31.2,24.8,69,1.8,,166,16.2,,998.6,,9,export (3).csv
Varanasi,2026-08-08 16:30:00,30.6,25.2,73,0.0,,164,15.8,,998.7,,3,export (3).csv
Varanasi,2026-08-08 17:30:00,29.6,25.1,77,0.0,,161,14.0,,999.3,,3,export (3).csv
Varanasi,2026-08-08 18:30:00,28.8,24.8,79,0.0,,158,13.3,,1000.6,,3,export (3).csv
Varanasi,2026-08-08 19:30:00,28.3,24.7,81,0.0,,158,11.2,,1002.1,,3,export (3).csv
Varanasi,2026-08-08 20:30:00,28.0,24.8,83,0.0,,152,10.8,,1003.1,,3,export (3).csv
Varanasi,2026-08-08 21:30:00,27.7,24.9,85,0.0,,145,10.1,,1003.7,,3,export (3).csv
Varanasi,2026-08-08 22:30:00,27.4,25.0,87,0.0,,145,9.0,,1003.7,,3,export (3).csv
Varanasi,2026-08-08 23:30:00,27.0,25.0,89,0.0,,137,7.9,,1002.9,,3,export (3).csv
Varanasi,2026-08-09 00:30:00,26.7,24.9,90,0.0,,131,6.5,,1002.4,,3,export (3).csv
Varanasi,2026-08-09 01:30:00,26.5,24.9,91,0.0,,124,6.8,,1002.0,,3,export (3).csv
Varanasi,2026-08-09 02:30:00,26.3,24.9,92,0.0,,104,6.5,,1001.7,,3,export (3).csv
Varanasi,2026-08-09 03:30:00,26.2,25.0,93,0.0,,98,7.6,,1001.5,,3,export (3).csv
Varanasi,2026-08-09 04:30:00,26.2,25.2,94,0.0,,87,6.5,,1001.5,,3,export (3).csv
Varanasi,2026-08-09 05:30:00,26.2,25.2,94,0.0,,90,7.6,,1001.8,,3,export (3).csv
Varanasi,2026-08-09 06:30:00,27.1,25.7,92,0.0,,99,10.1,,1002.5,,3,export (3).csv
Varanasi,2026-08-09 07:30:00,27.7,25.3,87,0.2,,110,12.6,,1002.8,,17,export (3).csv
Varanasi,2026-08-09 08:30:00,28.7,25.1,81,0.0,,124,13.0,,1003.1,,3,export (3).csv
Varanasi,2026-08-09 09:30:00,30.1,25.4,76,0.1,,121,11.2,,1002.9,,7,export (3).csv
Varanasi,2026-08-09 10:30:00,30.7,25.3,73,0.2,,115,10.4,,1002.4,,7,export (3).csv
Varanasi,2026-08-09 11:30:00,31.5,25.8,72,0.2,,118,10.1,,1002.0,,7,export (3).csv
Varanasi,2026-08-09 12:30:00,31.8,26.1,72,0.0,,133,8.6,,1001.0,,3,export (3).csv
Varanasi,2026-08-09 13:30:00,28.8,26.0,85,0.2,,157,11.9,,1001.0,,7,export (3).csv
Varanasi,2026-08-09 14:30:00,28.8,26.4,87,1.7,,99,6.1,,1000.1,,9,export (3).csv
Varanasi,2026-08-09 15:30:00,29.2,26.6,86,0.3,,130,8.6,,999.5,,8,export (3).csv
Varanasi,2026-08-09 16:30:00,29.8,26.4,82,0.2,,160,10.8,,999.2,,17,export (3).csv
Varanasi,2026-08-09 17:30:00,28.9,26.1,85,0.5,,153,9.0,,999.9,,17,export (3).csv
Varanasi,2026-08-09 18:30:00,28.5,26.1,87,0.2,,142,9.4,,1000.9,,7,export (3).csv
Varanasi,2026-08-09 19:30:00,28.2,26.0,88,0.0,,161,8.3,,1001.9,,3,export (3).csv
Varanasi,2026-08-09 20:30:00,27.8,25.8,89,0.0,,161,7.9,,1002.8,,3,export (3).csv
Varanasi,2026-08-09 21:30:00,27.5,25.7,90,0.0,,158,7.6,,1003.1,,3,export (3).csv
Varanasi,2026-08-09 22:30:00,27.2,25.4,90,0.0,,154,6.5,,1003.1,,3,export (3).csv
Varanasi,2026-08-09 23:30:00,27.0,25.6,92,0.0,,154,4.7,,1002.4,,3,export (3).csv
Varanasi,2026-08-10 00:30:00,26.8,25.6,93,0.0,,128,4.7,,1001.6,,2,export (3).csv
Varanasi,2026-08-10 01:30:00,26.6,25.4,93,0.0,,124,6.5,,1001.1,,3,export (3).csv
Varanasi,2026-08-10 02:30:00,26.5,25.5,94,0.0,,117,5.8,,1000.8,,3,export (3).csv
Varanasi,2026-08-10 03:30:00,26.3,25.3,94,0.0,,113,6.8,,1000.8,,3,export (3).csv
Varanasi,2026-08-10 04:30:00,26.3,25.4,95,0.0,,107,6.5,,1001.1,,3,export (3).csv
Varanasi,2026-08-10 05:30:00,26.2,25.5,96,0.0,,118,6.1,,1001.4,,3,export (3).csv
Varanasi,2026-08-10 06:30:00,26.5,25.3,93,0.2,,138,9.0,,1002.3,,17,export (3).csv
Varanasi,2026-08-10 07:30:00,27.3,25.3,89,0.4,,172,9.0,,1003.0,,8,export (3).csv
Varanasi,2026-08-10 08:30:00,27.9,24.9,84,0.0,,113,7.9,,1002.2,,3,export (3).csv
Varanasi,2026-08-10 09:30:00,29.9,25.6,78,0.2,,108,7.9,,1002.0,,17,export (3).csv
Varanasi,2026-08-10 10:30:00,31.0,25.3,72,0.2,,113,7.9,,1001.7,,7,export (3).csv
Varanasi,2026-08-10 11:30:00,31.5,25.1,69,0.4,,111,10.8,,1001.8,,17,export (3).csv
Varanasi,2026-08-10 12:30:00,31.7,25.5,70,0.2,,122,9.0,,1000.9,,7,export (3).csv
Varanasi,2026-08-10 13:30:00,31.8,25.6,70,0.1,,129,6.8,,999.9,,17,export (3).csv
Varanasi,2026-08-10 14:30:00,30.8,25.8,75,1.7,,144,11.2,,998.9,,9,export (3).csv
Varanasi,2026-08-10 15:30:00,27.0,25.8,93,3.3,,173,13.7,,998.8,,9,export (3).csv
Varanasi,2026-08-10 16:30:00,27.3,25.9,92,0.7,,221,9.4,,998.8,,8,export (3).csv
Varanasi,2026-08-10 17:30:00,27.3,25.7,91,0.2,,218,2.9,,999.0,,7,export (3).csv
Varanasi,2026-08-10 18:30:00,27.4,26.0,92,0.0,,77,1.8,,1000.5,,3,export (3).csv
Varanasi,2026-08-10 19:30:00,27.4,26.0,92,0.0,,241,1.4,,1001.3,,3,export (3).csv
Varanasi,2026-08-10 20:30:00,27.3,25.9,92,0.0,,260,0.7,,1001.9,,3,export (3).csv
Varanasi,2026-08-10 21:30:00,27.3,26.1,93,0.0,,23,2.9,,1001.9,,3,export (3).csv
Varanasi,2026-08-10 22:30:00,27.2,26.1,94,0.0,,87,2.2,,1002.1,,3,export (3).csv
Varanasi,2026-08-10 23:30:00,27.1,26.2,95,0.0,,138,2.5,,1001.8,,3,export (3).csv
Varanasi,2026-08-11 00:30:00,26.8,26.1,96,0.0,,96,3.2,,1001.4,,2,export (3).csv
Varanasi,2026-08-11 01:30:00,26.7,26.0,96,0.0,,53,4.3,,1000.4,,3,export (3).csv
Varanasi,2026-08-11 02:30:00,26.5,25.8,96,0.0,,34,5.4,,1000.1,,3,export (3).csv
Varanasi,2026-08-11 03:30:00,26.4,25.7,96,0.0,,36,4.3,,1000.0,,1,export (3).csv
Varanasi,2026-08-11 04:30:00,26.3,25.6,96,0.0,,94,3.2,,1000.7,,2,export (3).csv
Varanasi,2026-08-11 05:30:00,26.3,25.6,96,0.0,,66,5.0,,1000.9,,3,export (3).csv
Varanasi,2026-08-11 06:30:00,27.0,25.6,92,0.0,,90,5.4,,1001.7,,2,export (3).csv
Varanasi,2026-08-11 07:30:00,28.2,25.6,86,0.0,,67,5.8,,1002.1,,1,export (3).csv
Varanasi,2026-08-11 08:30:00,29.2,26.0,83,0.0,,52,6.8,,1002.6,,2,export (3).csv
Varanasi,2026-08-11 09:30:00,30.1,26.5,81,0.0,,85,6.8,,1002.1,,2,export (3).csv
Varanasi,2026-08-11 10:30:00,30.7,26.2,77,0.1,,72,7.9,,1001.6,,17,export (3).csv
Varanasi,2026-08-11 11:30:00,31.1,26.1,75,0.2,,65,7.9,,1001.1,,7,export (3).csv
Varanasi,2026-08-11 12:30:00,31.4,26.4,75,0.3,,54,5.8,,1000.1,,8,export (3).csv
Varanasi,2026-08-11 13:30:00,31.5,26.5,75,0.4,,38,5.4,,998.8,,8,export (3).csv
Varanasi,2026-08-11 14:30:00,29.6,26.4,83,2.2,,111,8.6,,997.5,,9,export (3).csv
Varanasi,2026-08-11 15:30:00,27.2,26.1,94,12.8,,9,14.0,,997.6,,9,export (3).csv
Varanasi,2026-08-11 16:30:00,27.7,26.6,94,3.6,,226,7.2,,997.7,,9,export (3).csv
Varanasi,2026-08-11 17:30:00,27.2,26.1,94,1.7,,220,11.2,,998.2,,9,export (3).csv
Varanasi,2026-08-11 18:30:00,26.8,25.9,95,0.3,,245,8.6,,999.4,,8,export (3).csv
Varanasi,2026-08-11 19:30:00,26.7,25.8,95,0.4,,229,6.5,,1000.5,,17,export (3).csv
Varanasi,2026-08-11 20:30:00,26.6,25.7,95,0.4,,251,6.1,,1001.6,,17,export (3).csv
Varanasi,2026-08-11 21:30:00,26.6,25.9,96,0.0,,299,2.9,,1001.7,,3,export (3).csv
Varanasi,2026-08-11 22:30:00,26.7,25.8,95,0.0,,63,2.5,,1001.8,,3,export (3).csv
Varanasi,2026-08-11 23:30:00,26.6,25.9,96,0.0,,53,3.2,,1001.6,,3,export (3).csv
Varanasi,2026-08-12 00:30:00,26.5,25.8,96,0.0,,147,1.4,,1001.2,,3,export (3).csv
Varanasi,2026-08-12 01:30:00,26.6,25.9,96,0.0,,189,1.1,,1001.0,,3,export (3).csv
Varanasi,2026-08-12 02:30:00,26.5,25.8,96,0.0,,250,1.8,,1000.6,,3,export (3).csv
Varanasi,2026-08-12 03:30:00,26.3,26.0,98,0.0,,232,2.2,,1000.6,,3,export (3).csv
Varanasi,2026-08-12 04:30:00,26.3,26.0,98,0.0,,231,4.7,,1000.9,,3,export (3).csv
Varanasi,2026-08-12 05:30:00,26.2,25.9,98,0.0,,224,3.2,,1001.6,,3,export (3).csv
Varanasi,2026-08-12 06:30:00,26.8,25.7,94,0.0,,253,2.9,,1002.2,,3,export (3).csv
Varanasi,2026-08-12 07:30:00,28.4,26.2,88,0.0,,59,4.0,,1001.9,,3,export (3).csv
Varanasi,2026-08-12 08:30:00,28.6,26.0,86,1.2,,85,4.3,,1002.6,,9,export (3).csv
Varanasi,2026-08-12 09:30:00,29.2,26.2,84,0.6,,70,4.7,,1002.5,,8,export (3).csv
Varanasi,2026-08-12 10:30:00,30.6,26.7,80,0.1,,97,4.3,,1002.3,,7,export (3).csv
Varanasi,2026-08-12 11:30:00,31.6,26.8,76,0.2,,319,2.9,,1001.8,,17,export (3).csv
Varanasi,2026-08-12 12:30:00,32.3,26.8,73,0.2,,306,4.7,,1000.4,,17,export (3).csv
Varanasi,2026-08-12 13:30:00,32.4,27.4,75,0.1,,270,6.1,,999.6,,17,export (3).csv
Varanasi,2026-08-12 14:30:00,32.1,27.3,76,0.2,,291,9.4,,998.4,,7,export (3).csv
Varanasi,2026-08-12 15:30:00,31.8,26.6,74,0.3,,290,13.0,,998.2,,17,export (3).csv
Varanasi,2026-08-12 16:30:00,28.2,27.0,93,3.7,,303,10.1,,998.7,,9,export (3).csv
Varanasi,2026-08-12 17:30:00,27.7,25.9,90,2.9,,55,9.7,,999.2,,9,export (3).csv
Varanasi,2026-08-12 18:30:00,27.2,26.1,94,5.1,,17,7.2,,1000.3,,9,export (3).csv
Varanasi,2026-08-12 19:30:00,27.3,26.2,94,2.2,,347,3.2,,1001.3,,9,export (3).csv
Varanasi,2026-08-12 20:30:00,27.1,26.2,95,1.9,,108,5.8,,1002.5,,9,export (3).csv
Varanasi,2026-08-12 21:30:00,27.1,26.4,96,1.9,,196,6.8,,1002.8,,9,export (3).csv
Varanasi,2026-08-12 22:30:00,26.7,25.8,95,0.8,,215,7.2,,1003.0,,8,export (3).csv
Varanasi,2026-08-12 23:30:00,26.3,25.8,97,5.3,,258,4.3,,1002.9,,9,export (3).csv
Varanasi,2026-08-13 00:30:00,26.1,25.6,97,3.6,,244,5.4,,1002.3,,9,export (3).csv
Varanasi,2026-08-13 01:30:00,25.9,25.4,97,0.8,,271,5.8,,1001.0,,8,export (3).csv
Varanasi,2026-08-13 02:30:00,25.5,25.2,98,2.5,,264,7.6,,1000.9,,9,export (3).csv
Varanasi,2026-08-13 03:30:00,25.4,24.9,97,2.4,,306,7.6,,1000.5,,9,export (3).csv
Varanasi,2026-08-13 04:30:00,25.5,25.0,97,1.2,,242,6.8,,1001.1,,9,export (3).csv
Varanasi,2026-08-13 05:30:00,26.5,25.6,95,2.5,,359,12.6,,999.7,,9,export (3).csv
Varanasi,2026-08-13 06:30:00,27.0,25.8,93,0.0,,0,11.9,,1000.1,,3,export (3).csv
Varanasi,2026-08-13 07:30:00,27.5,25.7,90,0.2,,350,9.4,,1001.1,,7,export (3).csv
Varanasi,2026-08-13 08:30:00,28.6,25.8,85,0.2,,345,10.8,,1000.9,,7,export (3).csv
Varanasi,2026-08-13 09:30:00,28.8,25.4,82,0.9,,336,11.9,,1000.5,,8,export (3).csv
Varanasi,2026-08-13 10:30:00,28.7,26.5,88,3.7,,319,13.3,,1000.1,,9,export (3).csv
Varanasi,2026-08-13 11:30:00,28.7,26.1,86,3.1,,326,12.2,,999.5,,9,export (3).csv
Varanasi,2026-08-13 12:30:00,30.2,26.6,81,0.4,,317,10.4,,998.0,,8,export (3).csv
Varanasi,2026-08-13 13:30:00,30.0,27.0,84,0.9,,303,10.4,,996.7,,8,export (3).csv
Varanasi,2026-08-13 14:30:00,27.7,26.1,91,6.7,,68,9.0,,996.2,,9,export (3).csv
Varanasi,2026-08-13 15:30:00,26.4,26.1,98,9.9,,69,11.2,,996.4,,9,export (3).csv
Varanasi,2026-08-13 16:30:00,26.7,25.8,95,8.5,,187,9.0,,996.0,,9,export (3).csv
Varanasi,2026-08-13 17:30:00,27.3,26.2,94,4.4,,214,10.4,,996.6,,9,export (3).csv
Varanasi,2026-08-13 18:30:00,27.1,26.4,96,4.0,,197,11.5,,997.5,,9,export (3).csv
Varanasi,2026-08-13 19:30:00,26.8,26.3,97,2.8,,198,10.1,,998.6,,9,export (3).csv
Varanasi,2026-08-13 20:30:00,26.8,26.1,96,0.4,,188,10.1,,999.7,,8,export (3).csv
Varanasi,2026-08-13 21:30:00,26.7,26.0,96,0.0,,171,10.1,,1000.3,,3,export (3).csv
Varanasi,2026-08-13 22:30:00,26.5,25.8,96,0.0,,159,10.8,,1000.3,,3,export (3).csv
Varanasi,2026-08-13 23:30:00,26.5,25.8,96,0.1,,149,10.8,,999.9,,17,export (3).csv
Varanasi,2026-08-14 00:30:00,26.4,25.9,97,0.5,,137,10.8,,999.3,,8,export (3).csv
Varanasi,2026-08-14 01:30:00,26.2,25.7,97,0.2,,124,10.4,,998.6,,7,export (3).csv
Varanasi,2026-08-14 02:30:00,26.1,25.6,97,0.3,,118,9.4,,998.2,,8,export (3).csv
Varanasi,2026-08-14 03:30:00,26.7,25.5,93,0.2,,127,11.5,,999.9,,7,export (3).csv
Varanasi,2026-08-14 04:30:00,26.4,25.2,93,0.0,,124,12.2,,1000.2,,3,export (3).csv
Varanasi,2026-08-14 05:30:00,26.3,25.3,94,0.0,,112,12.2,,1000.6,,3,export (3).csv
Varanasi,2026-08-14 06:30:00,27.1,25.5,91,0.0,,129,13.0,,1001.0,,3,export (3).csv
Varanasi,2026-08-14 07:30:00,28.3,25.9,87,0.0,,136,13.3,,1001.5,,3,export (3).csv
Varanasi,2026-08-14 08:30:00,29.2,26.0,83,0.0,,128,14.4,,1001.4,,3,export (3).csv
Varanasi,2026-08-14 09:30:00,30.3,25.8,77,0.0,,141,15.5,,1001.3,,2,export (3).csv
Varanasi,2026-08-14 10:30:00,30.7,26.0,76,0.0,,145,13.7,,1001.4,,3,export (3).csv
Varanasi,2026-08-14 11:30:00,28.8,25.4,82,1.4,,140,17.3,,1000.9,,9,export (3).csv
Varanasi,2026-08-14 12:30:00,28.7,26.3,87,2.3,,123,12.6,,1000.3,,18,export (3).csv
Varanasi,2026-08-14 13:30:00,30.8,26.9,80,0.5,,140,16.2,,999.4,,17,export (3).csv
Varanasi,2026-08-14 14:30:00,28.5,26.3,88,2.8,,123,18.7,,998.3,,9,export (3).csv
Varanasi,2026-08-14 15:30:00,29.9,26.1,80,0.3,,141,16.6,,997.9,,17,export (3).csv
Varanasi,2026-08-14 16:30:00,30.0,25.5,77,0.0,,152,16.2,,997.7,,3,export (3).csv
Varanasi,2026-08-14 17:30:00,29.4,25.4,79,0.0,,162,14.8,,997.9,,3,export (3).csv
Varanasi,2026-08-14 18:30:00,28.4,25.2,83,0.0,,164,14.4,,998.4,,3,export (3).csv
Varanasi,2026-08-14 19:30:00,27.8,25.2,86,0.0,,154,11.5,,999.5,,2,export (3).csv
Varanasi,2026-08-14 20:30:00,27.5,25.1,87,0.0,,137,10.8,,1000.8,,2,export (3).csv
Varanasi,2026-08-14 21:30:00,27.2,25.2,89,0.0,,116,10.1,,1001.4,,2,export (3).csv
Varanasi,2026-08-14 22:30:00,27.0,25.0,89,0.1,,128,11.9,,1001.5,,17,export (3).csv
Varanasi,2026-08-14 23:30:00,26.4,25.0,92,0.3,,124,13.3,,1000.5,,8,export (3).csv
Patna,2026-08-07 00:30:00,25.2,23.8,92,0.0,,56,6.1,,1002.4,,3,export (4).csv
Patna,2026-08-07 01:30:00,25.1,23.5,91,1.3,,65,6.5,,1001.8,,9,export (4).csv
Patna,2026-08-07 02:30:00,24.8,23.2,91,1.9,,46,4.3,,1001.4,,9,export (4).csv
Patna,2026-08-07 03:30:00,24.9,23.0,89,0.3,,81,1.8,,1001.1,,17,export (4).csv
Patna,2026-08-07 04:30:00,24.7,23.1,91,0.3,,250,2.2,,1001.3,,8,export (4).csv
Patna,2026-08-07 05:30:00,24.1,23.2,95,0.3,,337,4.7,,1001.2,,8,export (4).csv
Patna,2026-08-07 06:30:00,23.0,22.0,94,0.1,,10,3.0,,1004.0,,5,export (4).csv
Patna,2026-08-07 07:30:00,24.0,23.0,94,0.0,,40,4.0,,1004.0,,5,export (4).csv
Patna,2026-08-07 08:30:00,24.0,24.0,100,0.0,,330,3.0,,1004.0,,3,export (4).csv
Patna,2026-08-07 09:30:00,25.0,25.0,100,0.0,,340,3.0,,1005.0,,3,export (4).csv
Patna,2026-08-07 10:30:00,26.0,25.0,94,0.0,,300,3.0,,1005.0,,3,export (4).csv
Patna,2026-08-07 11:30:00,28.0,26.9,94,0.0,,240,3.0,,1005.0,,3,export (4).csv
Patna,2026-08-07 12:30:00,28.0,26.9,94,0.0,,230,3.0,,1004.0,,5,export (4).csv
Patna,2026-08-07 13:30:00,28.0,26.9,94,0.0,,250,3.0,,1004.0,,3,export (4).csv
Patna,2026-08-07 14:30:00,28.0,26.9,94,0.2,,360,3.0,,1003.0,,5,export (4).csv
Patna,2026-08-07 15:30:00,28.0,26.9,94,0.2,,240,3.0,,1003.0,,5,export (4).csv
Patna,2026-08-07 16:30:00,28.0,26.9,94,0.0,,360,3.0,,1003.0,,5,export (4).csv
Patna,2026-08-07 17:30:00,28.0,26.9,94,0.0,,320,3.0,,1003.0,,5,export (4).csv
Patna,2026-08-07 18:30:00,27.0,25.9,94,0.0,,10,3.0,,1003.0,,5,export (4).csv
Patna,2026-08-07 19:30:00,27.0,25.9,94,0.0,,150,3.0,,1003.0,,5,export (4).csv
Patna,2026-08-07 20:30:00,26.0,25.0,94,0.0,,80,3.0,,1004.0,,5,export (4).csv
Patna,2026-08-07 21:30:00,26.3,24.0,87,0.0,,83,1.8,,1001.6,,3,export (4).csv
Patna,2026-08-07 22:30:00,26.2,23.9,87,0.0,,58,2.2,,1002.2,,3,export (4).csv
Patna,2026-08-07 23:30:00,25.9,23.8,88,0.0,,351,2.2,,1002.6,,3,export (4).csv
Patna,2026-08-08 00:30:00,25.4,23.4,89,0.0,,348,2.9,,1002.7,,2,export (4).csv
Patna,2026-08-08 01:30:00,24.9,23.1,90,0.2,,14,3.6,,1002.3,,17,export (4).csv
Patna,2026-08-08 02:30:00,24.5,23.1,92,1.0,,38,2.9,,1002.0,,18,export (4).csv
Patna,2026-08-08 03:30:00,23.9,22.9,94,0.2,,21,5.4,,1002.1,,7,export (4).csv
Patna,2026-08-08 04:30:00,23.8,22.9,95,0.0,,42,5.0,,1002.0,,3,export (4).csv
Patna,2026-08-08 05:30:00,23.7,22.5,93,0.0,,37,4.3,,1002.1,,3,export (4).csv
Patna,2026-08-08 06:30:00,24.0,24.0,100,0.0,,70,3.0,,1005.0,,5,export (4).csv
Patna,2026-08-08 07:30:00,26.0,26.0,100,0.0,,160,3.0,,1006.0,,5,export (4).csv
Patna,2026-08-08 08:30:00,27.0,27.0,100,0.0,,340,3.0,,1006.0,,5,export (4).csv
Patna,2026-08-08 09:30:00,28.0,26.9,94,0.0,,320,3.0,,1006.0,,5,export (4).csv
Patna,2026-08-08 10:30:00,30.0,28.0,89,0.3,,260,3.0,,1006.0,,5,export (4).csv
Patna,2026-08-08 11:30:00,31.0,28.0,84,1.1,,70,3.0,,1006.0,,18,export (4).csv
Patna,2026-08-08 12:30:00,31.0,29.9,94,0.4,,240,3.0,,1006.0,,17,export (4).csv
Patna,2026-08-08 13:30:00,32.0,27.9,79,2.6,,200,6.0,,1005.0,,18,export (4).csv
Patna,2026-08-08 14:30:00,32.0,30.0,89,1.5,,210,5.0,,1004.0,,5,export (4).csv
Patna,2026-08-08 15:30:00,27.3,25.7,91,1.1,,348,6.1,,1002.5,,9,export (4).csv
Patna,2026-08-08 16:30:00,30.0,28.9,94,0.2,,300,7.0,,1004.0,,5,export (4).csv
Patna,2026-08-08 17:30:00,27.0,27.0,100,0.2,,20,4.0,,1004.0,,5,export (4).csv
Patna,2026-08-08 18:30:00,26.0,25.0,94,0.0,,40,3.0,,1005.0,,5,export (4).csv
Patna,2026-08-08 19:30:00,26.2,25.7,97,0.0,,98,2.2,,1002.6,,3,export (4).csv
Patna,2026-08-08 20:30:00,25.8,25.3,97,0.0,,57,2.9,,1003.3,,3,export (4).csv
Patna,2026-08-08 21:30:00,25.5,24.8,96,0.0,,62,2.9,,1004.2,,3,export (4).csv
Patna,2026-08-08 22:30:00,24.7,24.0,96,0.0,,40,3.6,,1004.1,,3,export (4).csv
Patna,2026-08-08 23:30:00,24.3,23.4,95,0.0,,35,4.0,,1004.5,,5,export (4).csv
Patna,2026-08-09 00:30:00,24.2,23.2,94,0.0,,31,4.3,,1004.4,,5,export (4).csv
Patna,2026-08-09 01:30:00,23.9,22.9,94,0.0,,31,3.6,,1004.2,,5,export (4).csv
Patna,2026-08-09 02:30:00,24.1,22.7,92,0.0,,35,3.6,,1004.0,,5,export (4).csv
Patna,2026-08-09 03:30:00,24.4,22.6,90,0.5,,28,3.2,,1004.0,,8,export (4).csv
Patna,2026-08-09 04:30:00,23.7,22.8,95,1.5,,133,6.5,,1004.3,,9,export (4).csv
Patna,2026-08-09 05:30:00,23.7,22.8,95,0.6,,56,6.1,,1004.5,,17,export (4).csv
Patna,2026-08-09 06:30:00,24.0,23.0,94,0.1,,10,3.0,,1007.0,,17,export (4).csv
Patna,2026-08-09 07:30:00,25.0,25.0,100,1.0,,210,3.0,,1007.0,,5,export (4).csv
Patna,2026-08-09 08:30:00,26.0,25.0,94,1.0,,40,3.0,,1008.0,,5,export (4).csv
Patna,2026-08-09 09:30:00,28.0,26.9,94,0.0,,170,3.0,,1008.0,,5,export (4).csv
Patna,2026-08-09 10:30:00,29.0,27.9,94,0.0,,200,3.0,,1008.0,,5,export (4).csv
Patna,2026-08-09 11:30:00,30.0,28.9,94,0.2,,230,3.0,,1007.0,,5,export (4).csv
Patna,2026-08-09 12:30:00,31.0,29.9,94,0.0,,230,3.0,,1007.0,,5,export (4).csv
Patna,2026-08-09 13:30:00,31.0,28.0,84,0.1,,220,4.0,,1006.0,,5,export (4).csv
Patna,2026-08-09 14:30:00,31.0,29.9,94,0.2,,220,7.0,,1005.0,,5,export (4).csv
Patna,2026-08-09 15:30:00,28.0,26.9,94,0.0,,180,5.0,,1005.0,,5,export (4).csv
Patna,2026-08-09 16:30:00,25.0,25.0,100,0.0,,50,9.0,,1004.0,,5,export (4).csv
Patna,2026-08-09 17:30:00,27.0,25.9,94,0.0,,90,6.0,,1004.0,,5,export (4).csv
Patna,2026-08-09 18:30:00,27.0,25.9,94,0.0,,80,3.0,,1004.0,,5,export (4).csv
Patna,2026-08-09 19:30:00,27.0,25.9,94,0.2,,60,3.0,,1005.0,,5,export (4).csv
Patna,2026-08-09 20:30:00,26.0,25.0,94,0.6,,30,3.0,,1005.0,,5,export (4).csv
Patna,2026-08-09 21:30:00,25.9,24.9,94,0.0,,45,3.6,,1003.3,,3,export (4).csv
Patna,2026-08-09 22:30:00,26.6,24.3,87,0.0,,46,1.8,,1003.3,,3,export (4).csv
Patna,2026-08-09 23:30:00,26.3,24.1,88,0.0,,343,2.5,,1003.7,,3,export (4).csv
Patna,2026-08-10 00:30:00,26.4,23.5,84,0.0,,4,1.8,,1003.4,,3,export (4).csv
Patna,2026-08-10 01:30:00,26.0,23.7,87,0.2,,208,2.2,,1002.9,,7,export (4).csv
Patna,2026-08-10 02:30:00,24.5,23.6,95,0.2,,286,5.4,,1002.6,,17,export (4).csv
Patna,2026-08-10 03:30:00,24.4,23.7,96,0.0,,17,4.7,,1002.2,,3,export (4).csv
Patna,2026-08-10 04:30:00,25.1,23.0,88,0.0,,198,2.9,,1004.0,,3,export (4).csv
Patna,2026-08-10 05:30:00,24.8,22.7,88,0.1,,328,6.8,,1004.2,,17,export (4).csv
Patna,2026-08-10 06:30:00,23.0,23.0,100,0.0,,20,4.0,,1006.0,,3,export (4).csv
Patna,2026-08-10 07:30:00,23.0,23.0,100,0.0,,10,3.0,,1006.0,,8,export (4).csv
Patna,2026-08-10 08:30:00,24.0,24.0,100,0.0,,110,3.0,,1006.0,,3,export (4).csv
Patna,2026-08-10 09:30:00,24.0,24.0,100,0.0,,200,3.0,,1006.0,,5,export (4).csv
Patna,2026-08-10 10:30:00,24.0,24.0,100,0.0,,220,3.0,,1006.0,,5,export (4).csv
Patna,2026-08-10 11:30:00,24.0,23.0,94,0.1,,180,3.0,,1007.0,,5,export (4).csv
Patna,2026-08-10 12:30:00,25.0,24.0,94,0.4,,150,3.0,,1006.0,,5,export (4).csv
Patna,2026-08-10 13:30:00,25.0,25.0,100,2.0,,200,5.0,,1006.0,,5,export (4).csv
Patna,2026-08-10 14:30:00,25.0,24.0,94,3.0,,200,6.0,,1005.0,,5,export (4).csv
Patna,2026-08-10 15:30:00,25.0,24.0,94,1.5,,180,5.0,,1005.0,,5,export (4).csv
Patna,2026-08-10 16:30:00,25.0,24.0,94,0.4,,80,3.0,,1005.0,,5,export (4).csv
Patna,2026-08-10 17:30:00,26.0,25.0,94,0.0,,60,5.0,,1004.0,,5,export (4).csv
Patna,2026-08-10 18:30:00,26.0,25.0,94,0.0,,260,3.0,,1004.0,,5,export (4).csv
Patna,2026-08-10 19:30:00,25.0,24.0,94,0.1,,20,3.0,,1005.0,,5,export (4).csv
Patna,2026-08-10 20:30:00,25.0,24.0,94,0.2,,240,3.0,,1005.0,,5,export (4).csv
Patna,2026-08-10 21:30:00,26.2,24.6,91,0.1,,47,3.6,,1002.0,,7,export (4).csv
Patna,2026-08-10 22:30:00,26.3,24.1,88,0.0,,55,4.3,,1001.8,,3,export (4).csv
Patna,2026-08-10 23:30:00,25.7,23.9,90,0.0,,74,4.3,,1001.9,,3,export (4).csv
Patna,2026-08-11 00:30:00,25.7,23.9,90,0.0,,112,5.0,,1002.0,,3,export (4).csv
Patna,2026-08-11 01:30:00,25.2,24.2,94,0.3,,122,7.2,,1002.2,,8,export (4).csv
Patna,2026-08-11 02:30:00,25.1,23.3,90,0.4,,336,1.4,,1002.9,,8,export (4).csv
Patna,2026-08-11 03:30:00,25.1,23.2,89,0.0,,0,1.4,,1002.6,,3,export (4).csv
Patna,2026-08-11 04:30:00,25.2,22.9,87,0.0,,5,1.1,,1002.6,,3,export (4).csv
Patna,2026-08-11 05:30:00,25.1,22.6,86,0.0,,354,1.4,,1003.0,,3,export (4).csv
Patna,2026-08-11 06:30:00,24.0,24.0,100,0.1,,270,3.0,,1006.0,,5,export (4).csv
Patna,2026-08-11 07:30:00,24.0,24.0,100,0.8,,20,3.0,,1006.0,,5,export (4).csv
Patna,2026-08-11 08:30:00,24.0,24.0,100,0.2,,340,3.0,,1007.0,,5,export (4).csv
Patna,2026-08-11 09:30:00,25.0,25.0,100,3.9,,320,3.0,,1007.0,,5,export (4).csv
Patna,2026-08-11 10:30:00,26.0,25.0,94,2.6,,290,3.0,,1007.0,,5,export (4).csv
Patna,2026-08-11 11:30:00,26.0,25.0,94,0.5,,330,4.0,,1007.0,,5,export (4).csv
Patna,2026-08-11 12:30:00,28.0,26.9,94,0.4,,320,5.0,,1007.0,,5,export (4).csv
Patna,2026-08-11 13:30:00,28.0,26.9,94,0.5,,260,3.0,,1006.0,,5,export (4).csv
Patna,2026-08-11 14:30:00,25.0,24.0,94,0.7,,210,10.0,,1006.0,,8,export (4).csv
Patna,2026-08-11 15:30:00,24.0,24.0,100,2.2,,50,3.0,,1006.0,,9,export (4).csv
Patna,2026-08-11 16:30:00,25.0,24.0,94,2.9,,10,3.0,,1004.0,,5,export (4).csv
Patna,2026-08-11 17:30:00,26.0,25.0,94,0.6,,310,4.0,,1003.0,,5,export (4).csv
Patna,2026-08-11 18:30:00,26.0,25.0,94,0.2,,320,3.0,,1003.0,,5,export (4).csv
Patna,2026-08-11 19:30:00,25.0,24.0,94,0.0,,10,3.0,,1004.0,,5,export (4).csv
Patna,2026-08-11 20:30:00,25.0,24.0,94,0.0,,80,3.0,,1005.0,,5,export (4).csv
Patna,2026-08-11 21:30:00,25.1,23.7,92,0.0,,54,6.1,,1002.7,,2,export (4).csv
Patna,2026-08-11 22:30:00,24.4,23.2,93,0.0,,45,5.4,,1003.0,,2,export (4).csv
Patna,2026-08-11 23:30:00,24.0,23.0,94,0.0,,41,4.7,,1003.6,,2,export (4).csv
Patna,2026-08-12 00:30:00,25.1,21.8,82,0.0,,36,4.7,,1004.1,,3,export (4).csv
Patna,2026-08-12 01:30:00,24.5,21.6,84,0.0,,36,4.7,,1004.0,,1,export (4).csv
Patna,2026-08-12 02:30:00,24.3,21.2,83,0.0,,43,5.0,,1003.9,,2,export (4).csv
Patna,2026-08-12 03:30:00,24.5,20.8,80,0.0,,39,5.4,,1003.8,,2,export (4).csv
Patna,2026-08-12 04:30:00,25.0,20.5,76,0.0,,24,5.0,,1003.9,,1,export (4).csv
Patna,2026-08-12 05:30:00,25.2,20.2,74,0.0,,21,4.7,,1004.0,,1,export (4).csv
Patna,2026-08-12 06:30:00,23.0,22.0,94,0.0,,360,3.0,,1006.0,,1,export (4).csv
Patna,2026-08-12 07:30:00,26.0,25.0,94,0.0,,20,3.0,,1006.0,,1,export (4).csv
Patna,2026-08-12 08:30:00,27.0,25.9,94,0.0,,320,3.0,,1006.0,,1,export (4).csv
Patna,2026-08-12 09:30:00,29.0,27.9,94,0.0,,250,3.0,,1006.0,,1,export (4).csv
Patna,2026-08-12 10:30:00,30.0,30.0,100,0.0,,200,3.0,,1006.0,,1,export (4).csv
Patna,2026-08-12 11:30:00,31.0,28.0,84,0.0,,120,3.0,,1006.0,,1,export (4).csv
Patna,2026-08-12 12:30:00,32.0,28.9,84,0.0,,200,4.0,,1005.0,,1,export (4).csv
Patna,2026-08-12 13:30:00,33.0,29.9,84,0.0,,300,3.0,,1005.0,,1,export (4).csv
Patna,2026-08-12 14:30:00,34.0,30.0,80,0.0,,200,3.0,,1004.0,,2,export (4).csv
Patna,2026-08-12 15:30:00,34.0,30.0,80,0.1,,240,5.0,,1003.0,,17,export (4).csv
Patna,2026-08-12 16:30:00,33.0,30.9,89,0.1,,250,6.0,,1003.0,,17,export (4).csv
Patna,2026-08-12 17:30:00,33.0,32.1,95,0.0,,250,8.0,,1003.0,,5,export (4).csv
Patna,2026-08-12 18:30:00,31.0,29.9,94,0.0,,250,5.0,,1004.0,,5,export (4).csv
Patna,2026-08-12 19:30:00,30.0,28.9,94,0.0,,190,5.0,,1005.0,,5,export (4).csv
Patna,2026-08-12 20:30:00,29.0,27.9,94,0.0,,140,3.0,,1007.0,,5,export (4).csv
Patna,2026-08-12 21:30:00,27.7,24.5,83,0.0,,84,4.0,,1004.2,,2,export (4).csv
Patna,2026-08-12 22:30:00,27.7,25.1,86,0.0,,65,5.4,,1005.3,,2,export (4).csv
Patna,2026-08-12 23:30:00,26.7,24.5,88,0.0,,55,5.4,,1005.7,,2,export (4).csv
Patna,2026-08-13 00:30:00,25.8,24.2,91,0.0,,44,4.7,,1005.9,,3,export (4).csv
Patna,2026-08-13 01:30:00,25.4,23.6,90,0.0,,41,4.0,,1005.7,,5,export (4).csv
Patna,2026-08-13 02:30:00,24.8,23.2,91,0.6,,36,4.7,,1005.5,,17,export (4).csv
Patna,2026-08-13 03:30:00,24.6,23.7,95,0.8,,42,5.0,,1004.9,,17,export (4).csv
Patna,2026-08-13 04:30:00,24.8,23.9,95,0.0,,37,5.4,,1004.5,,3,export (4).csv
Patna,2026-08-13 05:30:00,25.5,23.7,90,0.0,,37,5.8,,1004.6,,2,export (4).csv
Patna,2026-08-13 06:30:00,25.0,24.0,94,0.0,,0,3.0,,1006.0,,5,export (4).csv
Patna,2026-08-13 07:30:00,27.0,25.9,94,0.0,,350,3.0,,1006.0,,5,export (4).csv
Patna,2026-08-13 08:30:00,30.0,28.9,94,0.0,,120,3.0,,1006.0,,5,export (4).csv
Patna,2026-08-13 09:30:00,30.0,28.9,94,0.0,,260,3.0,,1006.0,,5,export (4).csv
Patna,2026-08-13 10:30:00,31.0,29.9,94,0.0,,220,4.0,,1006.0,,5,export (4).csv
Patna,2026-08-13 11:30:00,30.0,28.9,94,0.3,,250,3.0,,1006.0,,5,export (4).csv
Patna,2026-08-13 12:30:00,32.0,28.9,84,0.7,,230,3.0,,1006.0,,5,export (4).csv
Patna,2026-08-13 13:30:00,32.0,30.0,89,1.2,,230,3.0,,1005.0,,5,export (4).csv
Patna,2026-08-13 14:30:00,33.0,29.9,84,0.2,,280,4.0,,1004.0,,5,export (4).csv
Patna,2026-08-13 15:30:00,28.7,25.5,83,1.0,,305,9.0,,1001.1,,18,export (4).csv
Patna,2026-08-13 16:30:00,29.1,26.1,84,0.3,,261,6.5,,1001.0,,17,export (4).csv
Patna,2026-08-13 17:30:00,28.3,26.1,88,0.0,,237,4.3,,1000.7,,3,export (4).csv
Patna,2026-08-13 18:30:00,27.5,26.4,94,0.0,,194,4.0,,1000.8,,3,export (4).csv
Patna,2026-08-13 19:30:00,26.5,26.2,98,0.0,,130,4.3,,1001.9,,3,export (4).csv
Patna,2026-08-13 20:30:00,28.0,26.9,94,0.0,,40,3.0,,1005.0,,5,export (4).csv
Patna,2026-08-13 21:30:00,27.6,25.4,88,0.0,,78,4.0,,1004.1,,3,export (4).csv
Patna,2026-08-13 22:30:00,27.4,25.0,87,0.0,,106,3.2,,1004.0,,3,export (4).csv
Patna,2026-08-13 23:30:00,26.8,24.4,87,0.0,,340,2.2,,1004.2,,3,export (4).csv
Patna,2026-08-14 00:30:00,26.2,24.2,89,0.7,,88,2.9,,1004.3,,8,export (4).csv
Patna,2026-08-14 01:30:00,25.1,24.4,96,0.8,,22,5.8,,1003.8,,8,export (4).csv
Patna,2026-08-14 02:30:00,25.0,24.5,97,0.3,,317,7.2,,1003.5,,17,export (4).csv
Patna,2026-08-14 03:30:00,24.8,24.3,97,0.2,,42,6.1,,1003.0,,7,export (4).csv
Patna,2026-08-14 04:30:00,24.8,24.1,96,0.3,,344,5.8,,1003.1,,8,export (4).csv
Patna,2026-08-14 05:30:00,24.0,24.0,100,0.3,,10,3.0,,1005.0,,17,export (4).csv
Patna,2026-08-14 06:30:00,24.0,24.0,100,0.2,,290,3.0,,1005.0,,7,export (4).csv
Patna,2026-08-14 07:30:00,25.0,24.0,94,0.3,,200,3.0,,1005.0,,5,export (4).csv
Patna,2026-08-14 08:30:00,25.0,25.0,100,0.3,,210,3.0,,1006.0,,5,export (4).csv
Patna,2026-08-14 09:30:00,25.0,25.0,100,0.1,,190,3.0,,1006.0,,5,export (4).csv
Patna,2026-08-14 10:30:00,25.0,25.0,100,0.2,,180,3.0,,1007.0,,5,export (4).csv
Patna,2026-08-14 11:30:00,24.0,24.0,100,0.2,,210,4.0,,1008.0,,7,export (4).csv
Patna,2026-08-14 12:30:00,24.0,24.0,100,0.3,,210,3.0,,1008.0,,8,export (4).csv
Patna,2026-08-14 13:30:00,24.0,24.0,100,0.6,,240,3.0,,1008.0,,5,export (4).csv
Patna,2026-08-14 14:30:00,25.0,24.0,94,0.5,,60,3.0,,1007.0,,5,export (4).csv
Patna,2026-08-14 15:30:00,25.0,25.0,100,0.4,,190,3.0,,1007.0,,5,export (4).csv
Patna,2026-08-14 16:30:00,26.0,24.0,89,0.3,,40,3.0,,1006.0,,5,export (4).csv
Patna,2026-08-14 17:30:00,26.0,25.0,94,0.4,,320,3.0,,1005.0,,5,export (4).csv
Patna,2026-08-14 18:30:00,26.0,25.0,94,2.3,,320,3.0,,1005.0,,5,export (4).csv
Patna,2026-08-14 19:30:00,25.0,24.0,94,0.0,,200,3.0,,1005.0,,5,export (4).csv
Patna,2026-08-14 20:30:00,25.0,24.0,94,0.3,,80,4.0,,1006.0,,5,export (4).csv
Patna,2026-08-14 21:30:00,26.0,24.2,90,0.0,,100,2.2,,1004.6,,3,export (4).csv
Patna,2026-08-14 22:30:00,25.9,24.3,91,0.0,,346,2.2,,1004.6,,3,export (4).csv
Patna,2026-08-14 23:30:00,25.9,24.3,91,0.0,,324,1.8,,1004.3,,3,export (4).csv
Kolkata,2026-08-07 00:30:00,28.0,26.9,94,0.0,,0,0.0,,1000.0,,5,export (5).csv
Kolkata,2026-08-07 01:30:00,28.0,26.9,94,0.0,,0,0.0,,999.0,,5,export (5).csv
Kolkata,2026-08-07 02:30:00,28.0,26.9,94,0.0,,0,0.0,,999.0,,5,export (5).csv
Kolkata,2026-08-07 03:30:00,28.0,26.9,94,0.0,,0,0.0,,999.0,,5,export (5).csv
Kolkata,2026-08-07 04:30:00,27.0,25.9,94,0.0,,0,0.0,,998.0,,5,export (5).csv
Kolkata,2026-08-07 05:30:00,27.0,27.0,100,0.1,,0,0.0,,999.0,,5,export (5).csv
Kolkata,2026-08-07 06:30:00,29.0,27.0,89,0.1,,0,0.0,,999.0,,5,export (5).csv
Kolkata,2026-08-07 07:30:00,30.0,27.0,84,0.4,,120,4.0,,1000.0,,5,export (5).csv
Kolkata,2026-08-07 08:30:00,31.0,26.9,79,0.0,,130,4.0,,1000.0,,5,export (5).csv
Kolkata,2026-08-07 09:30:00,31.0,26.0,75,0.0,,90,5.0,,1001.0,,5,export (5).csv
Kolkata,2026-08-07 10:30:00,31.0,26.9,79,0.1,,100,5.0,,1001.0,,5,export (5).csv
Kolkata,2026-08-07 11:30:00,31.0,26.9,79,0.4,,120,4.0,,1001.0,,5,export (5).csv
Kolkata,2026-08-07 12:30:00,33.0,27.0,71,1.5,,100,4.0,,1000.0,,5,export (5).csv
Kolkata,2026-08-07 13:30:00,33.0,27.0,71,0.3,,80,6.0,22.0,999.0,,8,export (5).csv
Kolkata,2026-08-07 14:30:00,31.0,26.9,79,3.1,,0,0.0,,998.0,,5,export (5).csv
Kolkata,2026-08-07 15:30:00,27.0,25.9,94,0.0,,120,8.0,18.0,998.0,,8,export (5).csv
Kolkata,2026-08-07 16:30:00,30.0,27.0,84,0.0,,50,5.0,,997.0,,5,export (5).csv
Kolkata,2026-08-07 17:30:00,29.0,27.0,89,0.1,,70,6.0,,997.0,,5,export (5).csv
Kolkata,2026-08-07 18:30:00,28.0,26.0,89,0.0,,100,5.0,,998.0,,5,export (5).csv
Kolkata,2026-08-07 19:30:00,28.0,26.9,94,0.3,,60,5.0,,999.0,,5,export (5).csv
Kolkata,2026-08-07 20:30:00,28.0,26.9,94,0.0,,60,7.0,,1000.0,,5,export (5).csv
Kolkata,2026-08-07 21:30:00,28.0,26.9,94,0.0,,70,7.0,,1001.0,,5,export (5).csv
Kolkata,2026-08-07 22:30:00,29.0,27.0,89,0.0,,90,7.0,,1001.0,,5,export (5).csv
Kolkata,2026-08-07 23:30:00,29.0,26.0,84,0.0,,100,6.0,,1001.0,,5,export (5).csv
Kolkata,2026-08-08 00:30:00,28.0,26.0,89,0.0,,80,7.0,,1001.0,,5,export (5).csv
Kolkata,2026-08-08 01:30:00,28.0,26.0,89,0.0,,60,6.0,,1000.0,,5,export (5).csv
Kolkata,2026-08-08 02:30:00,27.0,25.9,94,0.0,,70,7.0,,1000.0,,5,export (5).csv
Kolkata,2026-08-08 03:30:00,27.0,25.9,94,0.0,,70,8.0,,1000.0,,5,export (5).csv
Kolkata,2026-08-08 04:30:00,27.0,25.9,94,0.0,,90,6.0,,1000.0,,5,export (5).csv
Kolkata,2026-08-08 05:30:00,27.0,25.9,94,0.0,,80,8.0,,1000.0,,5,export (5).csv
Kolkata,2026-08-08 06:30:00,28.0,26.0,89,0.0,,100,9.0,,1001.0,,5,export (5).csv
Kolkata,2026-08-08 07:30:00,29.0,26.0,84,0.0,,100,10.0,,1001.0,,5,export (5).csv
Kolkata,2026-08-08 08:30:00,30.0,25.9,79,0.0,,100,13.0,,1002.0,,5,export (5).csv
Kolkata,2026-08-08 09:30:00,30.0,25.9,79,0.3,,110,13.0,,1002.0,,5,export (5).csv
Kolkata,2026-08-08 10:30:00,31.0,26.0,75,0.2,,110,13.0,,1002.0,,5,export (5).csv
Kolkata,2026-08-08 11:30:00,31.0,26.0,75,0.4,,120,13.0,,1002.0,,5,export (5).csv
Kolkata,2026-08-08 12:30:00,32.0,27.0,75,0.1,,110,14.0,,1001.0,,5,export (5).csv
Kolkata,2026-08-08 13:30:00,32.0,26.1,71,0.1,,70,12.0,,1001.0,,5,export (5).csv
Kolkata,2026-08-08 14:30:00,32.0,26.1,71,1.0,,110,7.0,,1000.0,,5,export (5).csv
Kolkata,2026-08-08 15:30:00,32.0,27.0,75,0.0,,130,6.0,,999.0,,5,export (5).csv
Kolkata,2026-08-08 16:30:00,33.0,26.0,67,0.2,,70,9.0,,999.0,,5,export (5).csv
Kolkata,2026-08-08 17:30:00,32.0,25.1,67,0.1,,70,7.0,,999.0,,5,export (5).csv
Kolkata,2026-08-08 18:30:00,31.0,26.0,75,0.3,,70,8.0,,1000.0,,5,export (5).csv
Kolkata,2026-08-08 19:30:00,31.0,26.0,75,0.2,,80,7.0,,1001.0,,5,export (5).csv
Kolkata,2026-08-08 20:30:00,31.0,26.0,75,1.8,,70,8.0,,1001.0,,5,export (5).csv
Kolkata,2026-08-08 21:30:00,27.0,25.0,89,0.7,,80,9.0,,1003.0,,8,export (5).csv
Kolkata,2026-08-08 22:30:00,28.0,26.0,89,0.0,,110,4.0,,1003.0,,5,export (5).csv
Kolkata,2026-08-08 23:30:00,27.0,25.9,94,0.0,,90,6.0,,1003.0,,5,export (5).csv
Kolkata,2026-08-09 00:30:00,27.0,25.9,94,0.0,,60,6.0,,1002.0,,5,export (5).csv
Kolkata,2026-08-09 01:30:00,28.0,26.0,89,0.0,,90,10.0,,1002.0,,5,export (5).csv
Kolkata,2026-08-09 02:30:00,28.0,26.0,89,0.0,,100,6.0,,1001.0,,5,export (5).csv
Kolkata,2026-08-09 03:30:00,27.0,25.9,94,0.0,,90,6.0,,1001.0,,5,export (5).csv
Kolkata,2026-08-09 04:30:00,27.0,25.9,94,0.0,,90,5.0,,1002.0,,5,export (5).csv
Kolkata,2026-08-09 05:30:00,28.0,26.9,94,0.0,,80,8.0,,1001.0,,5,export (5).csv
Kolkata,2026-08-09 06:30:00,28.0,26.0,89,0.0,,80,6.0,,1003.0,,5,export (5).csv
Kolkata,2026-08-09 07:30:00,29.0,26.0,84,0.0,,80,9.0,,1003.0,,5,export (5).csv
Kolkata,2026-08-09 08:30:00,29.0,26.0,84,0.2,,90,9.0,,1003.0,,5,export (5).csv
Kolkata,2026-08-09 09:30:00,30.0,27.0,84,0.2,,90,12.0,,1003.0,,5,export (5).csv
Kolkata,2026-08-09 10:30:00,31.0,26.0,75,0.0,,120,11.0,,1003.0,,5,export (5).csv
Kolkata,2026-08-09 11:30:00,32.0,26.1,71,0.2,,130,10.0,,1002.0,,5,export (5).csv
Kolkata,2026-08-09 12:30:00,33.0,26.0,67,0.2,,120,9.0,,1002.0,,5,export (5).csv
Kolkata,2026-08-09 13:30:00,33.0,26.0,67,0.2,,90,10.0,,1001.0,,5,export (5).csv
Kolkata,2026-08-09 14:30:00,34.0,25.9,63,0.7,,130,11.0,,1000.0,,5,export (5).csv
Kolkata,2026-08-09 15:30:00,34.0,25.9,63,0.3,,120,7.0,,999.0,,5,export (5).csv
Kolkata,2026-08-09 16:30:00,33.0,26.0,67,0.0,,90,11.0,,999.0,,5,export (5).csv
Kolkata,2026-08-09 17:30:00,33.0,26.0,67,0.0,,100,11.0,,999.0,,5,export (5).csv
Kolkata,2026-08-09 18:30:00,32.0,26.1,71,0.0,,100,10.0,,1000.0,,5,export (5).csv
Kolkata,2026-08-09 19:30:00,31.0,26.0,75,0.0,,90,5.0,,1001.0,,5,export (5).csv
Kolkata,2026-08-09 20:30:00,31.0,26.9,79,0.0,,100,7.0,,1001.0,,5,export (5).csv
Kolkata,2026-08-09 21:30:00,31.0,26.9,79,0.0,,100,10.0,,1002.0,,5,export (5).csv
Kolkata,2026-08-09 22:30:00,30.0,27.0,84,0.5,,100,6.0,,1002.0,,5,export (5).csv
Kolkata,2026-08-09 23:30:00,30.0,27.0,84,0.3,,110,8.0,,1002.0,,5,export (5).csv
Kolkata,2026-08-10 00:30:00,30.0,27.0,84,0.0,,100,7.0,,1002.0,,5,export (5).csv
Kolkata,2026-08-10 01:30:00,29.0,27.0,89,0.0,,90,9.0,,1002.0,,5,export (5).csv
Kolkata,2026-08-10 02:30:00,29.0,27.0,89,0.0,,90,8.0,,1001.0,,5,export (5).csv
Kolkata,2026-08-10 03:30:00,29.0,27.0,89,0.0,,80,10.0,,1001.0,,5,export (5).csv
Kolkata,2026-08-10 04:30:00,28.0,26.9,94,0.1,,90,8.0,,1001.0,,5,export (5).csv
Kolkata,2026-08-10 05:30:00,29.0,27.0,89,0.0,,80,11.0,,1001.0,,5,export (5).csv
Kolkata,2026-08-10 06:30:00,28.0,26.9,94,0.0,,90,12.0,,1002.0,,5,export (5).csv
Kolkata,2026-08-10 07:30:00,29.0,27.0,89,0.2,,90,11.0,18.0,1002.0,,5,export (5).csv
Kolkata,2026-08-10 08:30:00,29.0,27.0,89,0.4,,90,10.0,,1002.0,,5,export (5).csv
Kolkata,2026-08-10 09:30:00,30.0,27.0,84,0.3,,100,9.0,,1003.0,,5,export (5).csv
Kolkata,2026-08-10 10:30:00,31.0,26.9,79,0.1,,120,7.0,,1002.0,,5,export (5).csv
Kolkata,2026-08-10 11:30:00,32.0,27.0,75,0.1,,100,9.0,,1002.0,,5,export (5).csv
Kolkata,2026-08-10 12:30:00,32.0,26.1,71,0.4,,130,9.0,,1001.0,,5,export (5).csv
Kolkata,2026-08-10 13:30:00,32.0,26.1,71,0.3,,110,6.0,,1001.0,,5,export (5).csv
Kolkata,2026-08-10 14:30:00,32.0,27.0,75,0.1,,50,4.0,,999.0,,5,export (5).csv
Kolkata,2026-08-10 15:30:00,33.0,27.0,71,0.2,,70,2.0,,999.0,,5,export (5).csv
Kolkata,2026-08-10 16:30:00,32.0,27.0,75,0.9,,70,6.0,,999.0,,5,export (5).csv
Kolkata,2026-08-10 17:30:00,31.0,26.9,79,0.7,,80,6.0,,999.0,,5,export (5).csv
Kolkata,2026-08-10 18:30:00,31.0,26.0,75,0.0,,70,4.0,,999.0,,5,export (5).csv
Kolkata,2026-08-10 19:30:00,30.0,25.9,79,0.0,,140,4.0,,1000.0,,5,export (5).csv
Kolkata,2026-08-10 20:30:00,30.0,27.0,84,0.0,,0,0.0,,1001.0,,5,export (5).csv
Kolkata,2026-08-10 21:30:00,30.0,27.0,84,0.0,,80,3.0,,1002.0,,5,export (5).csv
Kolkata,2026-08-10 22:30:00,29.0,27.0,89,0.0,,80,3.0,,1002.0,,5,export (5).csv
Kolkata,2026-08-10 23:30:00,29.0,27.0,89,0.0,,40,4.0,,1002.0,,5,export (5).csv
Kolkata,2026-08-11 00:30:00,29.0,27.0,89,0.0,,70,4.0,,1001.0,,5,export (5).csv
Kolkata,2026-08-11 01:30:00,29.0,27.0,89,0.0,,0,0.0,,1001.0,,5,export (5).csv
Kolkata,2026-08-11 02:30:00,28.0,26.9,94,0.0,,60,3.0,,1000.0,,5,export (5).csv
Kolkata,2026-08-11 03:30:00,28.0,26.9,94,0.0,,90,5.0,,1000.0,,5,export (5).csv
Kolkata,2026-08-11 04:30:00,28.0,26.9,94,0.0,,0,0.0,,1000.0,,5,export (5).csv
Kolkata,2026-08-11 05:30:00,28.0,26.0,89,0.0,,110,3.0,,1000.0,,5,export (5).csv
Kolkata,2026-08-11 06:30:00,29.0,27.0,89,0.0,,140,5.0,,1000.0,,5,export (5).csv
Kolkata,2026-08-11 07:30:00,30.0,27.0,84,0.0,,130,6.0,,1001.0,,5,export (5).csv
Kolkata,2026-08-11 08:30:00,31.0,26.0,75,0.0,,130,4.0,,1001.0,,5,export (5).csv
Kolkata,2026-08-11 09:30:00,32.0,26.1,71,0.1,,180,4.0,,1002.0,,5,export (5).csv
Kolkata,2026-08-11 10:30:00,33.0,28.0,75,0.1,,190,4.0,,1001.0,,5,export (5).csv
Kolkata,2026-08-11 11:30:00,33.0,26.0,67,0.1,,90,5.0,,1001.0,,5,export (5).csv
Kolkata,2026-08-11 12:30:00,35.0,24.9,56,0.0,,160,4.0,,1000.0,,5,export (5).csv
Kolkata,2026-08-11 13:30:00,34.0,25.9,63,0.0,,50,6.0,,1000.0,,5,export (5).csv
Kolkata,2026-08-11 14:30:00,35.0,26.9,63,0.0,,30,3.0,,999.0,,5,export (5).csv
Kolkata,2026-08-11 15:30:00,35.0,26.9,63,3.0,,30,4.0,,998.0,,5,export (5).csv
Kolkata,2026-08-11 16:30:00,35.0,26.0,60,1.1,,10,4.0,,997.0,,5,export (5).csv
Kolkata,2026-08-11 17:30:00,35.0,24.9,56,0.5,,50,5.0,,997.0,,5,export (5).csv
Kolkata,2026-08-11 18:30:00,34.0,25.1,60,0.0,,70,5.0,,998.0,,5,export (5).csv
Kolkata,2026-08-11 19:30:00,33.0,26.0,67,0.0,,130,6.0,,1000.0,,5,export (5).csv
Kolkata,2026-08-11 20:30:00,31.0,26.9,79,0.0,,180,7.0,,1000.0,,5,export (5).csv
Kolkata,2026-08-11 21:30:00,30.0,25.9,79,0.0,,230,8.0,,1001.0,,5,export (5).csv
Kolkata,2026-08-11 22:30:00,30.0,25.9,79,0.0,,200,4.0,,1002.0,,5,export (5).csv
Kolkata,2026-08-11 23:30:00,29.0,26.0,84,0.0,,260,7.0,,1001.0,,5,export (5).csv
Kolkata,2026-08-12 00:30:00,29.0,25.0,79,0.0,,260,5.0,,1001.0,,5,export (5).csv
Kolkata,2026-08-12 01:30:00,28.0,25.0,84,0.0,,250,3.0,,1001.0,,5,export (5).csv
Kolkata,2026-08-12 02:30:00,28.0,25.0,84,0.0,,260,4.0,,1000.0,,5,export (5).csv
Kolkata,2026-08-12 03:30:00,28.0,26.0,89,0.0,,250,3.0,,1000.0,,5,export (5).csv
Kolkata,2026-08-12 04:30:00,28.0,26.0,89,0.0,,260,4.0,,1000.0,,5,export (5).csv
Kolkata,2026-08-12 05:30:00,28.0,26.0,89,0.0,,210,5.0,,1000.0,,5,export (5).csv
Kolkata,2026-08-12 06:30:00,28.0,26.0,89,0.0,,220,4.0,,1001.0,,5,export (5).csv
Kolkata,2026-08-12 07:30:00,30.0,27.0,84,0.0,,210,4.0,,1001.0,,5,export (5).csv
Kolkata,2026-08-12 08:30:00,31.0,26.0,75,0.0,,260,3.0,,1001.0,,5,export (5).csv
Kolkata,2026-08-12 09:30:00,33.0,27.0,71,0.0,,210,3.0,,1001.0,,5,export (5).csv
Kolkata,2026-08-12 10:30:00,33.0,28.0,75,0.0,,230,2.0,,1001.0,,5,export (5).csv
Kolkata,2026-08-12 11:30:00,34.0,28.0,71,0.1,,230,5.0,,1001.0,,5,export (5).csv
Kolkata,2026-08-12 12:30:00,34.0,27.0,67,0.1,,170,6.0,,1001.0,,5,export (5).csv
Kolkata,2026-08-12 13:30:00,35.0,26.9,63,0.0,,180,5.0,,1001.0,,5,export (5).csv
Kolkata,2026-08-12 14:30:00,34.0,27.0,67,0.0,,300,6.0,,1000.0,,5,export (5).csv
Kolkata,2026-08-12 15:30:00,35.0,26.9,63,0.0,,300,4.0,,999.0,,5,export (5).csv
Kolkata,2026-08-12 16:30:00,33.0,28.0,75,0.6,,290,5.0,,999.0,,5,export (5).csv
Kolkata,2026-08-12 17:30:00,33.0,27.0,71,0.3,,300,5.0,,999.0,,5,export (5).csv
Kolkata,2026-08-12 18:30:00,33.0,27.0,71,0.0,,290,3.0,,1000.0,,5,export (5).csv
Kolkata,2026-08-12 19:30:00,32.0,27.9,79,0.0,,360,2.0,,1001.0,,5,export (5).csv
Kolkata,2026-08-12 20:30:00,32.0,27.0,75,0.0,,50,4.0,,1002.0,,5,export (5).csv
Kolkata,2026-08-12 21:30:00,31.0,26.9,79,0.0,,0,0.0,,1002.0,,5,export (5).csv
Kolkata,2026-08-12 22:30:00,31.0,26.0,75,0.0,,20,3.0,,1003.0,,5,export (5).csv
Kolkata,2026-08-12 23:30:00,30.0,25.9,79,0.0,,0,0.0,,1002.0,,5,export (5).csv
Kolkata,2026-08-13 00:30:00,30.0,27.0,84,0.0,,50,3.0,,1002.0,,5,export (5).csv
Kolkata,2026-08-13 01:30:00,30.0,27.0,84,0.0,,30,3.0,,1001.0,,5,export (5).csv
Kolkata,2026-08-13 02:30:00,30.0,28.0,89,1.8,,40,2.0,,1001.0,,5,export (5).csv
Kolkata,2026-08-13 03:30:00,30.0,28.0,89,0.5,,50,3.0,,1001.0,,5,export (5).csv
Kolkata,2026-08-13 04:30:00,30.0,28.0,89,0.0,,80,2.0,,1001.0,,5,export (5).csv
Kolkata,2026-08-13 05:30:00,30.0,28.0,89,0.0,,100,4.0,,1001.0,,5,export (5).csv
Kolkata,2026-08-13 06:30:00,31.0,28.0,84,0.0,,90,3.0,,1001.0,,5,export (5).csv
Kolkata,2026-08-13 07:30:00,32.0,27.9,79,0.0,,130,4.0,,1002.0,,5,export (5).csv
Kolkata,2026-08-13 08:30:00,33.0,28.0,75,0.0,,140,6.0,,1002.0,,5,export (5).csv
Kolkata,2026-08-13 09:30:00,34.0,28.0,71,0.0,,110,7.0,,1002.0,,5,export (5).csv
Kolkata,2026-08-13 10:30:00,34.0,28.0,71,0.0,,90,7.0,,1002.0,,5,export (5).csv
Kolkata,2026-08-13 11:30:00,35.0,26.9,63,0.2,,120,6.0,,1001.0,,5,export (5).csv
Kolkata,2026-08-13 12:30:00,34.0,27.0,67,0.4,,110,9.0,,1000.0,,5,export (5).csv
Kolkata,2026-08-13 13:30:00,35.0,26.9,63,0.4,,130,7.0,,999.0,,5,export (5).csv
Kolkata,2026-08-13 14:30:00,35.0,26.9,63,0.3,,140,5.0,,999.0,,5,export (5).csv
Kolkata,2026-08-13 15:30:00,31.0,28.0,84,1.4,,120,8.0,,999.0,,18,export (5).csv
Kolkata,2026-08-13 16:30:00,32.0,28.9,84,1.1,,90,3.0,,999.0,,5,export (5).csv
Kolkata,2026-08-13 17:30:00,31.0,28.0,84,0.0,,80,5.0,,999.0,,5,export (5).csv
Kolkata,2026-08-13 18:30:00,32.0,27.9,79,1.9,,10,3.0,19.0,1000.0,,5,export (5).csv
Kolkata,2026-08-13 19:30:00,29.0,27.0,89,1.0,,140,10.0,20.0,1002.0,,8,export (5).csv
Kolkata,2026-08-13 20:30:00,27.0,25.9,94,2.2,,320,7.0,,1003.0,,25,export (5).csv
Kolkata,2026-08-13 21:30:00,27.0,25.9,94,3.6,,30,9.0,,1003.0,,25,export (5).csv
Kolkata,2026-08-13 22:30:00,28.0,26.9,94,0.6,,20,4.0,,1002.0,,5,export (5).csv
Kolkata,2026-08-13 23:30:00,28.0,26.9,94,4.3,,30,4.0,,1002.0,,5,export (5).csv
Kolkata,2026-08-14 00:30:00,28.0,26.9,94,1.8,,20,5.0,,1002.0,,5,export (5).csv
Kolkata,2026-08-14 01:30:00,27.0,27.0,100,0.5,,50,9.0,,1002.0,,8,export (5).csv
Kolkata,2026-08-14 02:30:00,27.0,27.0,100,0.2,,50,4.0,,1001.0,,5,export (5).csv
Kolkata,2026-08-14 03:30:00,28.0,26.9,94,0.0,,60,6.0,,1001.0,,5,export (5).csv
Kolkata,2026-08-14 04:30:00,28.0,26.9,94,0.0,,50,6.0,,1001.0,,5,export (5).csv
Kolkata,2026-08-14 05:30:00,28.0,26.9,94,0.3,,40,6.0,,1001.0,,5,export (5).csv
Kolkata,2026-08-14 06:30:00,28.0,26.0,89,0.0,,60,6.0,,1001.0,,5,export (5).csv
Kolkata,2026-08-14 07:30:00,28.0,26.9,94,0.0,,80,7.0,,1002.0,,5,export (5).csv
Kolkata,2026-08-14 08:30:00,29.0,27.0,89,0.0,,80,9.0,,1002.0,,5,export (5).csv
Kolkata,2026-08-14 09:30:00,30.0,27.0,84,0.0,,80,9.0,,1002.0,,5,export (5).csv
Kolkata,2026-08-14 10:30:00,30.0,27.0,84,0.0,,100,9.0,,1002.0,,8,export (5).csv
Kolkata,2026-08-14 11:30:00,31.0,26.9,79,0.0,,80,10.0,,1002.0,,5,export (5).csv
Kolkata,2026-08-14 12:30:00,32.0,27.0,75,0.0,,90,12.0,18.0,1001.0,,5,export (5).csv
Kolkata,2026-08-14 13:30:00,32.0,27.0,75,0.2,,70,11.0,,1001.0,,5,export (5).csv
Kolkata,2026-08-14 14:30:00,32.0,27.0,75,0.1,,70,10.0,18.0,1000.0,,5,export (5).csv
Kolkata,2026-08-14 15:30:00,32.0,27.0,75,0.0,,70,6.0,,999.0,,5,export (5).csv
Kolkata,2026-08-14 16:30:00,32.0,27.0,75,0.0,,80,9.0,,999.0,,5,export (5).csv
Kolkata,2026-08-14 17:30:00,32.0,27.0,75,0.0,,80,9.0,,999.0,,5,export (5).csv
Kolkata,2026-08-14 18:30:00,31.0,26.9,79,0.0,,60,6.0,,999.0,,5,export (5).csv
Kolkata,2026-08-14 19:30:00,31.0,26.9,79,0.0,,60,5.0,,1000.0,,5,export (5).csv
Kolkata,2026-08-14 20:30:00,31.0,26.9,79,0.0,,60,7.0,,1001.0,,5,export (5).csv
Kolkata,2026-08-14 21:30:00,30.0,27.0,84,0.0,,70,6.0,,1001.0,,5,export (5).csv
Kolkata,2026-08-14 22:30:00,30.0,27.0,84,0.0,,60,5.0,,1001.0,,5,export (5).csv
Kolkata,2026-08-14 23:30:00,30.0,27.0,84,0.0,,90,6.0,,1001.0,,5,export (5).csv
Kanpur,2026-08-07 00:30:00,26.1,25.4,96,0.0,,172,7.6,,999.6,,3,export.csv
Kanpur,2026-08-07 01:30:00,26.0,25.3,96,0.2,,167,7.2,,998.9,,7,export.csv
Kanpur,2026-08-07 02:30:00,26.1,25.2,95,0.0,,170,6.8,,998.5,,3,export.csv
Kanpur,2026-08-07 03:30:00,26.0,25.1,95,0.2,,158,7.9,,998.2,,7,export.csv
Kanpur,2026-08-07 04:30:00,26.0,25.0,94,0.1,,176,10.4,,998.2,,7,export.csv
Kanpur,2026-08-07 05:30:00,25.8,24.8,94,0.3,,166,9.7,,998.4,,8,export.csv
Kanpur,2026-08-07 06:30:00,25.8,24.9,95,0.0,,152,10.8,,999.0,,3,export.csv
Kanpur,2026-08-07 07:30:00,26.5,24.9,91,0.0,,160,12.6,,999.5,,3,export.csv
Kanpur,2026-08-07 08:30:00,27.8,24.8,84,0.1,,170,13.7,,999.8,,17,export.csv
Kanpur,2026-08-07 09:30:00,29.0,25.2,80,0.2,,175,15.1,,1000.0,,17,export.csv
Kanpur,2026-08-07 10:30:00,29.8,25.3,77,0.0,,185,14.0,,1000.4,,3,export.csv
Kanpur,2026-08-07 11:30:00,30.8,24.9,71,0.0,,204,13.0,,1000.1,,3,export.csv
Kanpur,2026-08-07 12:30:00,31.3,24.7,68,0.0,,213,10.1,,999.1,,3,export.csv
Kanpur,2026-08-07 13:30:00,31.9,24.7,66,0.0,,195,8.6,,997.9,,2,export.csv
Kanpur,2026-08-07 14:30:00,31.7,25.0,68,0.4,,196,9.4,,997.1,,17,export.csv
Kanpur,2026-08-07 15:30:00,32.1,24.4,64,0.0,,195,9.7,,996.5,,3,export.csv
Kanpur,2026-08-07 16:30:00,32.1,24.1,63,0.0,,201,9.4,,996.3,,2,export.csv
Kanpur,2026-08-07 17:30:00,30.9,25.9,75,0.0,,137,12.2,,995.8,,2,export.csv
Kanpur,2026-08-07 18:30:00,30.1,26.5,81,0.0,,135,8.6,,996.5,,3,export.csv
Kanpur,2026-08-07 19:30:00,29.4,26.4,84,0.0,,152,10.1,,997.7,,3,export.csv
Kanpur,2026-08-07 20:30:00,28.0,26.2,90,0.6,,131,9.4,,999.2,,17,export.csv
Kanpur,2026-08-07 21:30:00,27.4,26.2,93,0.5,,108,9.4,,999.5,,17,export.csv
Kanpur,2026-08-07 22:30:00,27.3,26.2,94,0.0,,135,7.6,,999.5,,2,export.csv
Kanpur,2026-08-07 23:30:00,27.3,26.2,94,0.0,,126,15.1,,999.3,,3,export.csv
Kanpur,2026-08-08 00:30:00,27.0,26.1,95,0.0,,129,12.2,,999.4,,3,export.csv
Kanpur,2026-08-08 01:30:00,26.7,25.8,95,0.2,,153,10.1,,999.0,,17,export.csv
Kanpur,2026-08-08 02:30:00,26.5,26.0,97,0.0,,140,10.1,,999.1,,3,export.csv
Kanpur,2026-08-08 03:30:00,26.3,26.0,98,0.0,,130,9.0,,999.0,,3,export.csv
Kanpur,2026-08-08 04:30:00,26.3,25.8,97,0.0,,117,8.3,,999.2,,3,export.csv
Kanpur,2026-08-08 05:30:00,26.1,25.8,98,0.0,,114,9.4,,999.1,,3,export.csv
Kanpur,2026-08-08 06:30:00,26.3,25.6,96,0.0,,110,9.0,,999.7,,3,export.csv
Kanpur,2026-08-08 07:30:00,27.4,25.4,89,0.0,,126,11.5,,1000.3,,3,export.csv
Kanpur,2026-08-08 08:30:00,28.8,25.4,82,0.0,,126,11.2,,1000.7,,3,export.csv
Kanpur,2026-08-08 09:30:00,29.7,25.4,78,0.0,,116,11.9,,1000.9,,3,export.csv
Kanpur,2026-08-08 10:30:00,30.6,25.9,76,0.0,,107,12.2,,1001.2,,3,export.csv
Kanpur,2026-08-08 11:30:00,31.2,26.0,74,0.1,,110,11.9,,1001.0,,7,export.csv
Kanpur,2026-08-08 12:30:00,32.1,25.9,70,0.0,,113,12.2,,1000.1,,3,export.csv
Kanpur,2026-08-08 13:30:00,32.1,25.9,70,0.0,,119,11.9,,999.0,,3,export.csv
Kanpur,2026-08-08 14:30:00,32.5,26.3,70,0.2,,125,10.8,,998.5,,17,export.csv
Kanpur,2026-08-08 15:30:00,32.1,26.6,73,0.0,,125,7.2,,997.7,,3,export.csv
Kanpur,2026-08-08 16:30:00,32.4,26.4,71,0.1,,115,6.5,,997.4,,17,export.csv
Kanpur,2026-08-08 17:30:00,32.1,26.2,71,0.0,,113,7.2,,997.4,,1,export.csv
Kanpur,2026-08-08 18:30:00,31.2,27.1,79,0.0,,131,5.0,,998.3,,1,export.csv
Kanpur,2026-08-08 19:30:00,30.4,27.0,82,0.0,,134,6.5,,999.8,,3,export.csv
Kanpur,2026-08-08 20:30:00,30.1,26.9,83,0.0,,104,7.6,,1000.5,,3,export.csv
Kanpur,2026-08-08 21:30:00,29.1,26.5,86,0.2,,99,11.9,,1001.4,,17,export.csv
Kanpur,2026-08-08 22:30:00,28.2,25.8,87,0.1,,99,10.1,,1001.3,,17,export.csv
Kanpur,2026-08-08 23:30:00,27.6,25.6,89,0.1,,101,10.1,,1001.6,,7,export.csv
Kanpur,2026-08-09 00:30:00,25.6,25.3,98,4.9,,284,11.9,,1002.6,,18,export.csv
Kanpur,2026-08-09 01:30:00,25.8,25.1,96,2.8,,93,13.0,,1001.5,,9,export.csv
Kanpur,2026-08-09 02:30:00,25.6,24.9,96,0.5,,103,13.7,,1000.6,,8,export.csv
Kanpur,2026-08-09 03:30:00,25.8,24.9,95,0.3,,52,2.9,,1000.9,,17,export.csv
Kanpur,2026-08-09 04:30:00,25.7,25.0,96,0.0,,84,4.3,,1000.6,,3,export.csv
Kanpur,2026-08-09 05:30:00,25.6,24.9,96,0.0,,131,1.4,,1001.0,,3,export.csv
Kanpur,2026-08-09 06:30:00,26.0,25.1,95,0.0,,328,2.2,,1001.5,,3,export.csv
Kanpur,2026-08-09 07:30:00,26.9,25.3,91,0.0,,39,4.3,,1001.5,,3,export.csv
Kanpur,2026-08-09 08:30:00,28.2,25.6,86,0.0,,70,6.5,,1001.5,,3,export.csv
Kanpur,2026-08-09 09:30:00,29.7,25.7,79,0.0,,109,7.9,,1001.8,,3,export.csv
Kanpur,2026-08-09 10:30:00,29.8,26.0,80,0.2,,126,6.8,,1002.1,,7,export.csv
Kanpur,2026-08-09 11:30:00,31.0,26.0,75,0.2,,84,6.8,,1001.8,,7,export.csv
Kanpur,2026-08-09 12:30:00,32.2,26.0,70,0.1,,57,6.1,,1000.7,,17,export.csv
Kanpur,2026-08-09 13:30:00,33.4,24.8,61,0.1,,76,13.0,,999.1,,17,export.csv
Kanpur,2026-08-09 14:30:00,33.5,24.9,61,0.3,,70,11.5,,998.3,,17,export.csv
Kanpur,2026-08-09 15:30:00,32.7,25.5,66,0.2,,83,10.1,,997.7,,17,export.csv
Kanpur,2026-08-09 16:30:00,32.5,25.6,67,0.2,,85,10.1,,997.3,,17,export.csv
Kanpur,2026-08-09 17:30:00,32.1,25.9,70,0.1,,61,11.2,,997.6,,17,export.csv
Kanpur,2026-08-09 18:30:00,30.7,26.6,79,0.0,,59,9.7,,998.3,,3,export.csv
Kanpur,2026-08-09 19:30:00,29.9,26.9,84,0.0,,50,7.6,,999.3,,3,export.csv
Kanpur,2026-08-09 20:30:00,29.5,26.9,86,0.0,,27,5.8,,999.9,,3,export.csv
Kanpur,2026-08-09 21:30:00,29.3,26.9,87,0.0,,40,4.7,,1000.8,,3,export.csv
Kanpur,2026-08-09 22:30:00,29.3,26.7,86,0.0,,50,12.2,,999.7,,3,export.csv
Kanpur,2026-08-09 23:30:00,27.6,25.6,89,0.2,,204,12.2,,1001.0,,17,export.csv
Kanpur,2026-08-10 00:30:00,26.5,25.8,96,1.5,,303,7.6,,1000.4,,9,export.csv
Kanpur,2026-08-10 01:30:00,26.6,26.3,98,0.0,,206,2.9,,999.8,,3,export.csv
Kanpur,2026-08-10 02:30:00,26.6,26.3,98,0.0,,251,4.0,,999.6,,3,export.csv
Kanpur,2026-08-10 03:30:00,26.5,26.2,98,0.0,,346,3.6,,998.8,,3,export.csv
Kanpur,2026-08-10 04:30:00,26.6,26.4,99,0.0,,56,4.3,,999.0,,3,export.csv
Kanpur,2026-08-10 05:30:00,26.7,26.4,98,0.0,,56,6.5,,999.3,,3,export.csv
Kanpur,2026-08-10 06:30:00,27.4,26.3,94,0.0,,58,6.8,,1000.0,,3,export.csv
Kanpur,2026-08-10 07:30:00,28.3,26.3,89,0.1,,71,10.1,,1000.4,,7,export.csv
Kanpur,2026-08-10 08:30:00,29.3,26.3,84,0.0,,87,10.8,,1000.7,,3,export.csv
Kanpur,2026-08-10 09:30:00,30.2,25.9,78,0.2,,94,11.5,,1001.0,,7,export.csv
Kanpur,2026-08-10 10:30:00,30.9,26.2,76,0.1,,94,11.2,,1000.8,,7,export.csv
Kanpur,2026-08-10 11:30:00,31.7,26.0,72,0.0,,104,13.7,,1001.3,,3,export.csv
Kanpur,2026-08-10 12:30:00,31.8,26.1,72,0.3,,108,12.2,,1000.4,,8,export.csv
Kanpur,2026-08-10 13:30:00,31.9,26.4,73,0.3,,101,11.2,,999.4,,8,export.csv
Kanpur,2026-08-10 14:30:00,32.4,26.4,71,0.2,,107,12.2,,998.0,,7,export.csv
Kanpur,2026-08-10 15:30:00,31.1,26.4,76,0.2,,60,11.5,,997.3,,17,export.csv
Kanpur,2026-08-10 16:30:00,30.6,27.4,83,0.4,,33,9.7,,996.8,,17,export.csv
Kanpur,2026-08-10 17:30:00,30.4,27.2,83,0.0,,58,12.6,,996.7,,3,export.csv
Kanpur,2026-08-10 18:30:00,29.9,27.3,86,0.0,,62,9.7,,997.8,,3,export.csv
Kanpur,2026-08-10 19:30:00,28.6,26.4,88,0.5,,73,9.4,,999.2,,17,export.csv
Kanpur,2026-08-10 20:30:00,28.2,26.8,92,0.8,,36,7.6,,1000.0,,8,export.csv
Kanpur,2026-08-10 21:30:00,27.9,26.8,94,0.0,,61,10.8,,999.6,,3,export.csv
Kanpur,2026-08-10 22:30:00,27.3,26.6,96,0.3,,16,6.8,,1000.0,,8,export.csv
Kanpur,2026-08-10 23:30:00,26.9,25.8,94,3.6,,101,10.4,,1000.8,,18,export.csv
Kanpur,2026-08-11 00:30:00,26.6,25.7,95,5.8,,114,12.2,,1000.8,,9,export.csv
Kanpur,2026-08-11 01:30:00,26.7,25.8,95,0.5,,133,10.8,,1000.2,,8,export.csv
Kanpur,2026-08-11 02:30:00,26.3,25.4,95,0.5,,86,13.3,,998.8,,8,export.csv
Kanpur,2026-08-11 03:30:00,25.9,25.2,96,0.1,,90,14.4,,998.7,,7,export.csv
Kanpur,2026-08-11 04:30:00,25.8,25.1,96,0.0,,93,12.6,,999.2,,3,export.csv
Kanpur,2026-08-11 05:30:00,25.9,25.0,95,0.0,,89,13.7,,999.6,,3,export.csv
Kanpur,2026-08-11 06:30:00,26.3,25.3,94,0.0,,100,13.3,,1000.4,,3,export.csv
Kanpur,2026-08-11 07:30:00,26.9,25.3,91,0.0,,109,16.2,,1000.9,,3,export.csv
Kanpur,2026-08-11 08:30:00,27.2,25.0,88,0.0,,107,14.0,,1001.7,,3,export.csv
Kanpur,2026-08-11 09:30:00,29.8,25.5,78,0.0,,110,10.4,,1002.3,,3,export.csv
Kanpur,2026-08-11 10:30:00,31.2,25.5,72,0.1,,111,11.2,,1002.2,,17,export.csv
Kanpur,2026-08-11 11:30:00,32.4,25.7,68,0.1,,112,11.2,,1001.7,,17,export.csv
Kanpur,2026-08-11 12:30:00,33.1,26.1,67,0.0,,105,8.6,,1000.9,,2,export.csv
Kanpur,2026-08-11 13:30:00,33.4,26.4,67,0.0,,102,8.6,,999.9,,2,export.csv
Kanpur,2026-08-11 14:30:00,33.3,26.3,67,0.0,,86,8.3,,998.7,,2,export.csv
Kanpur,2026-08-11 15:30:00,30.0,26.6,82,0.8,,88,10.8,,997.6,,8,export.csv
Kanpur,2026-08-11 16:30:00,28.1,26.3,90,2.1,,95,12.2,,996.9,,9,export.csv
Kanpur,2026-08-11 17:30:00,29.6,26.2,82,0.0,,119,7.2,,997.5,,2,export.csv
Kanpur,2026-08-11 18:30:00,28.7,26.1,86,0.4,,59,8.6,,998.0,,17,export.csv
Kanpur,2026-08-11 19:30:00,27.9,26.3,91,0.4,,87,10.4,,999.2,,17,export.csv
Kanpur,2026-08-11 20:30:00,27.8,26.4,92,0.0,,102,8.6,,1000.0,,3,export.csv
Kanpur,2026-08-11 21:30:00,27.6,26.5,94,0.0,,119,6.5,,1000.8,,2,export.csv
Kanpur,2026-08-11 22:30:00,27.3,26.2,94,0.0,,113,7.2,,1000.8,,2,export.csv
Kanpur,2026-08-11 23:30:00,27.3,26.1,93,0.0,,138,6.5,,1001.1,,2,export.csv
Kanpur,2026-08-12 00:30:00,26.7,25.7,94,0.0,,201,7.9,,1001.1,,3,export.csv
Kanpur,2026-08-12 01:30:00,25.9,25.2,96,1.3,,267,9.4,,1001.1,,18,export.csv
Kanpur,2026-08-12 02:30:00,25.5,25.2,98,0.1,,20,12.2,,1000.7,,7,export.csv
Kanpur,2026-08-12 03:30:00,25.5,25.3,99,0.0,,65,8.3,,1000.0,,3,export.csv
Kanpur,2026-08-12 04:30:00,25.6,25.1,97,0.0,,72,6.8,,1000.1,,3,export.csv
Kanpur,2026-08-12 05:30:00,25.7,25.2,97,0.0,,26,3.2,,1000.7,,3,export.csv
Kanpur,2026-08-12 06:30:00,26.2,25.7,97,0.0,,5,3.2,,1001.4,,1,export.csv
Kanpur,2026-08-12 07:30:00,28.1,25.7,87,0.0,,122,2.9,,1001.3,,2,export.csv
Kanpur,2026-08-12 08:30:00,29.9,26.3,81,0.0,,154,2.9,,1001.9,,1,export.csv
Kanpur,2026-08-12 09:30:00,31.4,26.0,73,0.0,,146,2.2,,1002.0,,1,export.csv
Kanpur,2026-08-12 10:30:00,32.7,25.5,66,0.0,,106,2.9,,1001.9,,1,export.csv
Kanpur,2026-08-12 11:30:00,33.5,24.6,60,0.0,,111,4.0,,1001.7,,1,export.csv
Kanpur,2026-08-12 12:30:00,34.1,24.6,58,0.0,,130,5.0,,1001.4,,1,export.csv
Kanpur,2026-08-12 13:30:00,34.3,24.5,57,0.0,,140,4.7,,1000.5,,1,export.csv
Kanpur,2026-08-12 14:30:00,34.2,24.7,58,0.2,,126,4.3,,999.7,,17,export.csv
Kanpur,2026-08-12 15:30:00,34.0,24.8,59,0.2,,90,4.3,,998.5,,17,export.csv
Kanpur,2026-08-12 16:30:00,33.8,24.9,60,0.0,,81,5.4,,998.2,,1,export.csv
Kanpur,2026-08-12 17:30:00,33.4,25.6,64,0.0,,77,5.4,,998.2,,1,export.csv
Kanpur,2026-08-12 18:30:00,32.4,26.9,73,0.0,,120,3.2,,998.8,,1,export.csv
Kanpur,2026-08-12 19:30:00,31.4,27.1,78,0.0,,166,3.6,,1000.0,,1,export.csv
Kanpur,2026-08-12 20:30:00,30.8,27.1,81,0.0,,111,5.0,,1000.9,,1,export.csv
Kanpur,2026-08-12 21:30:00,30.2,27.0,83,0.0,,129,7.6,,1002.0,,1,export.csv
Kanpur,2026-08-12 22:30:00,29.8,27.0,85,0.0,,157,10.4,,1002.6,,1,export.csv
Kanpur,2026-08-12 23:30:00,28.6,26.0,86,0.2,,214,17.6,,1003.3,,17,export.csv
Kanpur,2026-08-13 00:30:00,26.2,25.3,95,2.2,,7,11.5,,1002.9,,18,export.csv
Kanpur,2026-08-13 01:30:00,26.3,25.6,96,0.2,,273,7.2,,1002.4,,17,export.csv
Kanpur,2026-08-13 02:30:00,26.4,25.7,96,0.0,,338,2.9,,1001.6,,3,export.csv
Kanpur,2026-08-13 03:30:00,26.4,25.7,96,0.0,,311,2.9,,1001.5,,3,export.csv
Kanpur,2026-08-13 04:30:00,26.4,25.7,96,0.0,,190,1.8,,1001.5,,3,export.csv
Kanpur,2026-08-13 05:30:00,28.2,27.0,93,0.0,,200,3.2,,1002.0,,3,export.csv
Kanpur,2026-08-13 06:30:00,28.9,27.1,90,0.0,,220,4.3,,1002.5,,3,export.csv
Kanpur,2026-08-13 07:30:00,30.4,26.8,81,0.0,,217,4.0,,1002.8,,3,export.csv
Kanpur,2026-08-13 08:30:00,31.7,26.5,74,0.0,,240,4.0,,1003.0,,2,export.csv
Kanpur,2026-08-13 09:30:00,32.7,25.8,67,0.0,,268,4.0,,1002.8,,1,export.csv
Kanpur,2026-08-13 10:30:00,33.5,26.0,65,0.0,,240,2.2,,1002.9,,2,export.csv
Kanpur,2026-08-13 11:30:00,33.9,26.1,64,0.0,,209,3.2,,1002.6,,2,export.csv
Kanpur,2026-08-13 12:30:00,34.1,26.3,64,0.1,,208,4.7,,1001.4,,17,export.csv
Kanpur,2026-08-13 13:30:00,34.1,26.8,66,0.3,,212,7.6,,1000.1,,17,export.csv
Kanpur,2026-08-13 14:30:00,32.3,26.8,73,1.0,,260,8.6,,999.1,,18,export.csv
Kanpur,2026-08-13 15:30:00,32.1,26.6,73,1.0,,254,10.1,,998.7,,9,export.csv
Kanpur,2026-08-13 16:30:00,31.0,26.5,77,0.4,,321,6.8,,998.9,,17,export.csv
Kanpur,2026-08-13 17:30:00,29.8,27.2,86,1.3,,13,6.5,,999.5,,9,export.csv
Kanpur,2026-08-13 18:30:00,29.4,27.6,90,0.1,,197,5.8,,1000.1,,17,export.csv
Kanpur,2026-08-13 19:30:00,28.8,27.4,92,0.0,,181,7.2,,1000.5,,3,export.csv
Kanpur,2026-08-13 20:30:00,28.6,27.4,93,0.0,,162,3.6,,1001.6,,3,export.csv
Kanpur,2026-08-13 21:30:00,28.3,27.1,93,0.0,,184,6.8,,1002.1,,3,export.csv
Kanpur,2026-08-13 22:30:00,28.2,27.0,93,0.0,,165,4.3,,1002.3,,3,export.csv
Kanpur,2026-08-13 23:30:00,28.1,26.9,93,0.0,,207,8.3,,1002.0,,3,export.csv
Kanpur,2026-08-14 00:30:00,27.8,26.7,94,0.0,,206,13.3,,1002.2,,3,export.csv
Kanpur,2026-08-14 01:30:00,27.2,26.3,95,0.0,,195,12.6,,1000.8,,3,export.csv
Kanpur,2026-08-14 02:30:00,26.8,26.1,96,0.0,,204,8.6,,1000.7,,3,export.csv
Kanpur,2026-08-14 03:30:00,28.2,27.3,95,0.3,,123,4.0,,1001.4,,8,export.csv
Kanpur,2026-08-14 04:30:00,28.2,27.3,95,0.0,,99,8.6,,1001.6,,3,export.csv
Kanpur,2026-08-14 05:30:00,27.6,26.7,95,0.0,,133,13.3,,1002.3,,3,export.csv
Kanpur,2026-08-14 06:30:00,26.8,26.3,97,1.2,,136,9.0,,1003.1,,18,export.csv
Kanpur,2026-08-14 07:30:00,27.1,26.4,96,1.0,,139,7.6,,1003.2,,9,export.csv
Kanpur,2026-08-14 08:30:00,27.2,26.3,95,0.5,,148,8.3,,1003.8,,8,export.csv
Kanpur,2026-08-14 09:30:00,27.0,25.9,94,2.4,,182,9.4,,1004.1,,9,export.csv
Kanpur,2026-08-14 10:30:00,28.0,25.6,87,0.4,,53,4.0,,1003.7,,8,export.csv
Kanpur,2026-08-14 11:30:00,30.8,26.9,80,0.0,,69,2.9,,1003.3,,3,export.csv
Kanpur,2026-08-14 12:30:00,31.7,26.9,76,0.0,,72,3.6,,1002.3,,3,export.csv
Kanpur,2026-08-14 13:30:00,32.1,26.9,74,0.2,,35,5.4,,1001.2,,17,export.csv
Kanpur,2026-08-14 14:30:00,31.7,26.9,76,0.6,,356,6.1,,1000.3,,8,export.csv
Kanpur,2026-08-14 15:30:00,31.6,27.3,78,0.8,,328,5.4,,999.2,,8,export.csv
Kanpur,2026-08-14 16:30:00,31.1,27.4,81,0.5,,326,6.8,,998.9,,8,export.csv
Kanpur,2026-08-14 17:30:00,28.1,26.3,90,6.7,,354,5.0,,999.7,,9,export.csv
Kanpur,2026-08-14 18:30:00,27.3,26.6,96,2.5,,136,5.4,,999.1,,9,export.csv
Kanpur,2026-08-14 19:30:00,27.3,26.6,96,0.0,,245,7.6,,1000.3,,3,export.csv
Kanpur,2026-08-14 20:30:00,27.4,26.9,97,0.0,,202,4.7,,1001.6,,3,export.csv
Kanpur,2026-08-14 21:30:00,27.4,26.7,96,0.0,,240,4.0,,1002.2,,3,export.csv
Kanpur,2026-08-14 22:30:00,27.4,26.7,96,0.2,,330,2.5,,1001.8,,7,export.csv
Kanpur,2026-08-14 23:30:00,27.5,26.8,96,0.1,,298,5.8,,1001.7,,17,export.csv
